Reading No,Reading Type,Duration,Main,Low,High,Light,Time,User,Sigma Value,Units,Batch,Heat,Lot,Note,Sample,Mode,Ag,Ag 2-Sigma/LOD,Ag CPS/uA,As,As 2-Sigma/LOD,As CPS/uA,Au,Au 2-Sigma/LOD,Au CPS/uA,Bal,Bal 2-Sigma/LOD,Bi,Bi 2-Sigma/LOD,Bi CPS/uA,Cd,Cd 2-Sigma/LOD,Cd CPS/uA,Co,Co 2-Sigma/LOD,Co CPS/uA,Cr,Cr 2-Sigma/LOD,Cr CPS/uA,Cu,Cu 2-Sigma/LOD,Cu CPS/uA,Fe,Fe 2-Sigma/LOD,Fe CPS/uA,Hf,Hf 2-Sigma/LOD,Hf CPS/uA,Hg,Hg 2-Sigma/LOD,Hg CPS/uA,Mn,Mn 2-Sigma/LOD,Mn CPS/uA,Mo,Mo 2-Sigma/LOD,Mo CPS/uA,Nb,Nb 2-Sigma/LOD,Nb CPS/uA,Ni,Ni 2-Sigma/LOD,Ni CPS/uA,Pb,Pb 2-Sigma/LOD,Pb CPS/uA,Pd,Pd 2-Sigma/LOD,Pd CPS/uA,Rb,Rb 2-Sigma/LOD,Rb CPS/uA,Re,Re 2-Sigma/LOD,Re CPS/uA,Sb,Sb 2-Sigma/LOD,Sb CPS/uA,Se,Se 2-Sigma/LOD,Se CPS/uA,Sn,Sn 2-Sigma/LOD,Sn CPS/uA,Sr,Sr 2-Sigma/LOD,Sr CPS/uA,Ta,Ta 2-Sigma/LOD,Ta CPS/uA,Th,Th 2-Sigma/LOD,Th CPS/uA,Ti,Ti 2-Sigma/LOD,Ti CPS/uA,U,U 2-Sigma/LOD,U CPS/uA,V,V 2-Sigma/LOD,V CPS/uA,W,W 2-Sigma/LOD,W CPS/uA,Y,Y 2-Sigma/LOD,Y CPS/uA,Zn,Zn 2-Sigma/LOD,Zn CPS/uA,Zr,Zr 2-Sigma/LOD,Zr CPS/uA,Al,Al 2-Sigma/LOD,Al CPS/uA,Ba,Ba 2-Sigma/LOD,Ba CPS/uA,Ca,Ca 2-Sigma/LOD,Ca CPS/uA,Cl,Cl 2-Sigma/LOD,Cl CPS/uA,K,K 2-Sigma/LOD,K CPS/uA,Mg,Mg 2-Sigma/LOD,Mg CPS/uA,P,P 2-Sigma/LOD,P CPS/uA,S,S 2-Sigma/LOD,S CPS/uA,Si,Si 2-Sigma/LOD,Si CPS/uA,Satellites,Altitude,Latitude,Longitude,Grid,Easting,Northing,
1,Mining,30.22,28.23,,,,"Thu Apr 2, 2026 - 09:50:15",User,1.5,ppm,,,,,,Mining,539.8127 , 458.5380,12.3461,<LOD,19.4559,0.2421,<LOD,26.0265,0.0591,117835.8438 , 15245.8262,<LOD,13.1716,0.1069,<LOD,34.2652,4.9172,<LOD,477.6926,230.5099,8990.1416 , 108.0565,22.7372,1671.0807 , 62.5774,1.5761,861828.6250 , 623.5049,1552.3694,<LOD,0.0000,0.0000,<LOD,25.2389,0.1373,2921.7109 , 123.7367,11.0947,4313.8330 , 25.4905,51.3709,<LOD,6.1882,0.8163,1281.4769 , 151.9188,0.8973,191.8354 , 17.0132,0.7545,<LOD,34.9679,5.8887,<LOD,3.8572,-0.0686,<LOD,0.0000,0.0000,<LOD,58.9348,5.6754,<LOD,6.6036,0.0953,129.1851 , 29.5119,6.7116,<LOD,2.5847,0.1575,<LOD,0.0000,0.0000,<LOD,19.6282,-1.2238,296.4749 , 89.1729,1.6652,<LOD,4.5369,-0.0437,<LOD,217.4846,1.4861,<LOD,74.9901,0.1757,<LOD,4.3249,0.2830,<LOD,23.6620,0.1775,<LOD,3.2267,0.4108,,,,,,,,,,,,,,,,,,,,,,,,,,,,,,,,,,
2,Mining,120.60,30.11,30.25,30.11,28.64,"Thu Apr 2, 2026 - 11:19:26",User,1.5,ppm,,,,,,Mining,<LOD,1.4193,0.6265,<LOD,1.3760,0.2256,<LOD,3.0379,0.1029,459249.1250 , 5828.8921,<LOD,1.3053,0.1307,<LOD,2.1686,1.1619,<LOD,52.9548,9.7846,113.8645 , 5.2589,3.0428,10.1930 , 2.8051,0.3353,26141.2930 , 136.5689,60.6921,<LOD,0.0000,0.0000,4.3983 , 1.8561,0.2355,350.8063 , 25.3930,1.0203,<LOD,0.9902,4.3425,3.1500 , 0.5533,2.8099,<LOD,7.1255,0.2608,5.7889 , 0.9585,0.2987,<LOD,1.2403,0.4258,34.8548 , 1.0799,1.8410,<LOD,0.0000,0.0000,<LOD,4.0893,3.5485,<LOD,0.8224,0.1962,15.3573 , 2.2649,3.0847,234.3873 , 1.4701,14.0270,<LOD,0.0000,0.0000,2.5815 , 0.7303,0.2957,5802.6035 , 41.8901,19.1856,2.0291 , 0.9622,0.5219,174.6013 , 11.5682,3.4619,<LOD,6.2917,0.1626,14.9593 , 0.6867,2.3530,35.9347 , 2.5973,0.5491,100.0375 , 1.1835,11.3229,129899.2422 , 2396.7522,2.7919,388.0990 , 20.4167,15.8801,32349.3047 , 201.8531,39.6377,<LOD,46.8322,0.7691,6656.4097 , 86.6246,4.4072,29304.6504 , 3831.1028,0.0906,794.8021 , 129.0094,0.2301,9305.5420 , 92.2132,3.4078,299006.0000 , 783.1284,28.0997,5,406.600006,39.001751,-122.662125,10.000000,529256.187500,4317025.000000,
3,Mining,120.61,30.23,30.09,30.16,30.13,"Thu Apr 2, 2026 - 11:22:12",User,1.5,ppm,,,,,,Mining,<LOD,1.4252,0.6451,<LOD,1.5780,0.3257,<LOD,3.0627,0.1074,391211.0938 , 6165.6533,<LOD,1.3540,0.1451,<LOD,2.1750,1.1847,<LOD,53.2293,12.0355,113.4317 , 5.7789,3.2108,5.9078 , 2.6943,0.3209,31370.6914 , 170.8935,75.8064,<LOD,0.0000,0.0000,10.0799 , 2.0978,0.3123,450.6294 , 26.8448,1.2364,<LOD,1.0216,4.6766,5.1979 , 0.5646,2.9616,<LOD,7.5280,0.2938,9.8828 , 1.0546,0.3732,<LOD,1.3545,0.5265,41.9105 , 1.1726,2.2096,<LOD,0.0000,0.0000,<LOD,4.2155,3.8689,<LOD,0.8542,0.2197,20.7460 , 2.3438,3.4020,284.5301 , 1.7120,17.1533,<LOD,0.0000,0.0000,4.1757 , 0.7782,0.3542,6793.1592 , 50.9493,23.5217,3.8977 , 1.0325,0.6160,175.9894 , 13.3307,4.0607,<LOD,7.0743,0.2144,14.9127 , 0.6972,2.4604,34.1420 , 2.5533,0.5495,123.0053 , 1.3207,13.6754,147022.2500 , 2452.6418,3.1522,459.6742 , 21.2884,17.6791,39475.2188 , 249.4913,51.4270,<LOD,45.1886,0.8229,8010.2988 , 101.4305,5.5942,44399.6367 , 4063.5342,0.1154,631.7516 , 121.7039,0.2344,3101.6567 , 54.4879,1.3544,326226.1562 , 846.4215,33.4500,6,415.399994,39.001736,-122.661964,10.000000,529270.375000,4317023.500000,
4,Mining,120.64,30.15,30.26,30.05,30.18,"Thu Apr 2, 2026 - 11:24:58",User,1.5,ppm,,,,,,Mining,<LOD,1.4840,0.6153,<LOD,1.5491,0.2446,<LOD,3.2221,0.0983,385354.8438 , 7124.5098,<LOD,1.4798,0.1433,<LOD,2.2377,1.1003,<LOD,56.4035,11.2001,117.2259 , 5.9636,3.0841,5.9049 , 2.8482,0.2966,31760.3965 , 179.4501,70.2127,<LOD,0.0000,0.0000,5.4582 , 2.0387,0.2402,364.9055 , 26.8927,1.0269,<LOD,1.0697,4.2238,5.5166 , 0.6012,2.7816,<LOD,7.8002,0.2532,8.6009 , 1.0798,0.3231,<LOD,1.3564,0.4615,33.4450 , 1.1416,1.6968,<LOD,0.0000,0.0000,<LOD,4.3050,3.5082,<LOD,0.8954,0.1998,13.1687 , 2.3797,3.0454,287.4416 , 1.8100,15.8324,<LOD,0.0000,0.0000,1.8481 , 0.7983,0.2868,6549.8384 , 51.0193,20.8357,4.3744 , 1.0824,0.5610,178.0571 , 13.3778,3.6654,<LOD,7.1375,0.1799,17.0053 , 0.7386,2.2976,47.8478 , 2.9402,0.6024,112.2952 , 1.3433,11.8112,134123.9688 , 2748.8596,2.8894,449.3266 , 21.8477,16.2412,41145.8789 , 257.9177,49.1972,<LOD,49.1577,0.7961,7221.7529 , 98.0308,4.6989,48517.5781 , 4660.9492,0.1250,919.8775 , 141.4264,0.2653,11103.9043 , 103.3084,3.9201,331649.5625 , 872.8544,31.7073,4,414.200012,39.001556,-122.661728,10.000000,529290.625000,4317003.500000,
5,Mining,120.39,30.22,30.02,30.02,28.94,"Thu Apr 2, 2026 - 11:27:45",User,1.5,ppm,,,,,,Mining,<LOD,1.3581,0.6333,<LOD,1.3723,0.2722,<LOD,2.8282,0.0998,444203.1875 , 5678.7168,<LOD,1.2195,0.1276,<LOD,2.0493,1.1429,<LOD,53.1419,13.3230,123.6024 , 6.0294,3.4595,9.3161 , 2.6532,0.3382,33871.1914 , 167.8014,84.0454,<LOD,0.0000,0.0000,<LOD,2.5562,0.2125,512.1501 , 26.6766,1.3623,<LOD,0.9374,4.4245,4.1814 , 0.5264,2.9199,<LOD,7.0234,0.2503,4.6705 , 0.9034,0.2961,<LOD,1.1761,0.4223,35.3100 , 1.0414,1.9014,<LOD,0.0000,0.0000,<LOD,3.8719,3.5082,<LOD,0.7754,0.1946,17.5742 , 2.1482,3.0553,261.2306 , 1.5492,16.0038,<LOD,0.0000,0.0000,3.9764 , 0.7092,0.3227,5956.2593 , 47.4635,21.1834,<LOD,2.0738,0.5279,166.9721 , 13.0190,3.7655,<LOD,6.4620,0.1940,13.8992 , 0.6514,2.3441,37.3099 , 2.5063,0.5748,97.4767 , 1.1555,11.7289,130360.5859 , 2311.5598,2.8066,354.1916 , 19.2068,15.2579,39816.2188 , 249.5396,53.2164,<LOD,45.1256,0.8268,7615.7964 , 101.5867,5.4716,40549.1836 , 4026.8674,0.1091,903.9081 , 130.0074,0.2743,1829.2034 , 45.8636,0.9466,293252.5938 , 796.3525,29.8529,4,422.399994,39.002544,-122.662094,10.000000,529258.625000,4317113.000000,
6,Mining,120.53,30.27,30.04,30.13,30.09,"Thu Apr 2, 2026 - 11:30:39",User,1.5,ppm,,,,,,Mining,<LOD,1.5092,0.6004,<LOD,1.4304,0.2086,<LOD,3.1954,0.0972,470644.9375 , 6768.4258,<LOD,1.3635,0.1224,<LOD,2.2909,1.0953,<LOD,59.0674,12.7892,109.4185 , 6.2933,3.1301,14.5074 , 3.0826,0.3534,36168.1328 , 195.1328,82.4447,<LOD,0.0000,0.0000,48.4401 , 3.0546,0.5936,1995.0610 , 47.7383,3.4074,<LOD,1.0697,4.2000,4.1512 , 0.6124,2.8603,<LOD,8.6093,0.3326,4.8314 , 1.0051,0.2802,<LOD,1.3336,0.4188,33.7055 , 1.1478,1.6912,<LOD,0.0000,0.0000,<LOD,4.3411,3.3699,<LOD,0.8311,0.1666,15.8616 , 2.3994,2.9083,254.0457 , 1.6690,14.0614,<LOD,0.0000,0.0000,3.7203 , 0.7802,0.2924,5574.8159 , 48.7580,18.2559,3.4757 , 1.1302,0.5992,148.7000 , 13.2481,3.2375,<LOD,7.4801,0.1998,27.9631 , 0.8345,2.9398,101.5097 , 3.7524,0.9913,97.4078 , 1.2578,10.5061,107014.9062 , 2564.8979,2.3477,356.7407 , 21.5187,14.4650,71070.7578 , 360.9438,93.0295,<LOD,52.8925,0.9379,6256.0864 , 94.9854,4.5850,42716.7578 , 5169.1016,0.1283,650.9056 , 143.2111,0.2671,28837.5449 , 174.0620,11.0283,227845.6094 , 773.0034,22.5967,,,,,,,,
7,Mining,120.44,30.05,30.28,30.06,30.05,"Thu Apr 2, 2026 - 11:55:29",User,1.5,ppm,,,,,,Mining,<LOD,1.4857,0.6370,<LOD,1.5480,0.2480,<LOD,3.2727,0.1064,392800.7500 , 6558.8867,<LOD,1.4456,0.1429,<LOD,2.2132,1.1026,<LOD,88.8382,10.3006,128.1255 , 5.7257,3.1405,14.8843 , 3.0478,0.3537,28289.1367 , 154.0963,63.2090,<LOD,0.0000,0.0000,9.5583 , 2.1580,0.2862,383.9155 , 27.1206,1.0562,<LOD,1.0621,4.3765,5.1752 , 0.5958,2.8662,<LOD,7.9050,0.2943,9.8800 , 1.0984,0.3501,<LOD,1.3863,0.4994,39.9365 , 1.1928,1.9904,<LOD,0.0000,0.0000,<LOD,4.3431,3.6991,<LOD,0.8818,0.1996,15.4999 , 2.4109,3.2479,267.8196 , 1.6692,15.2042,<LOD,0.0000,0.0000,3.6403 , 0.8156,0.3307,6216.8105 , 46.4820,19.8626,3.2721 , 1.0573,0.5592,159.7900 , 12.4082,3.4569,<LOD,7.1751,0.1894,20.3981 , 0.7712,2.6325,36.5971 , 2.7302,0.5414,117.6235 , 1.3272,12.3315,149125.4375 , 2622.5522,3.1918,446.4742 , 21.9478,17.0112,33423.5820 , 217.5466,39.5704,<LOD,47.5549,0.7811,7227.5503 , 94.4643,4.6247,31767.5137 , 3928.3579,0.0950,848.8442 , 131.0804,0.2395,9457.1016 , 92.1079,3.3208,339180.6875 , 830.2101,32.0851,4,420.000000,39.001678,-122.661888,10.000000,529277.000000,4317017.000000,
8,Mining,120.42,30.21,30.03,30.06,28.00,"Thu Apr 2, 2026 - 11:58:32",User,1.5,ppm,,,,,,Mining,<LOD,1.4447,0.6387,<LOD,1.4311,0.2650,<LOD,2.8214,0.0914,407528.4062 , 6163.9731,<LOD,1.3112,0.1358,<LOD,2.1870,1.1597,<LOD,59.2836,16.3859,122.7462 , 6.2433,3.5121,16.5521 , 2.8754,0.3683,42506.7617 , 220.2787,106.2381,<LOD,0.0000,0.0000,<LOD,4.1110,0.2165,1258.1493 , 36.8665,2.5813,<LOD,0.9516,4.1453,4.2441 , 0.5407,2.8063,<LOD,7.6768,0.2559,6.5459 , 0.9652,0.3111,<LOD,1.2506,0.4260,32.7571 , 1.0411,1.7208,<LOD,0.0000,0.0000,<LOD,4.0953,3.4495,<LOD,0.7530,0.1660,14.7216 , 2.2766,3.0330,248.1048 , 1.5940,14.6621,<LOD,0.0000,0.0000,2.4780 , 0.7255,0.2923,5266.5444 , 47.2246,19.0127,<LOD,2.1802,0.4977,167.7121 , 13.0075,3.5253,<LOD,6.5430,0.1834,16.2269 , 0.6845,2.3649,42.1581 , 2.6502,0.5939,91.9972 , 1.1678,10.7224,138788.6875 , 2525.6602,2.9859,359.7682 , 20.5190,15.2808,46529.3125 , 288.2762,63.6966,<LOD,45.2134,0.7915,6629.1870 , 98.6511,4.9539,47155.4961 , 4477.4502,0.1230,786.9581 , 130.7872,0.2637,6270.3442 , 77.4581,2.6344,296154.0938 , 849.1004,31.1745,5,434.899994,39.001862,-122.661903,10.000000,529275.812500,4317037.500000,
9,Mining,120.54,30.25,30.17,30.06,28.86,"Thu Apr 2, 2026 - 12:01:20",User,1.5,ppm,,,,,,Mining,<LOD,1.5808,0.6152,<LOD,1.6088,0.2524,<LOD,3.4265,0.1056,405640.5625 , 7044.9858,<LOD,1.5683,0.1526,<LOD,2.4071,1.1260,<LOD,58.6330,11.7514,116.3431 , 6.0446,2.9839,17.3689 , 3.1805,0.3517,34397.9648 , 177.3198,74.0808,<LOD,0.0000,0.0000,6.1742 , 2.1319,0.2483,421.9150 , 28.1172,1.0945,<LOD,1.0979,4.1891,5.7027 , 0.6136,2.7293,<LOD,8.2163,0.2681,8.9581 , 1.1145,0.3258,<LOD,1.4187,0.4437,39.6655 , 1.2273,1.8841,<LOD,0.0000,0.0000,<LOD,4.5898,3.5056,<LOD,0.9279,0.2008,10.8253 , 2.5259,3.0121,299.7311 , 1.8215,15.8634,<LOD,0.0000,0.0000,3.0093 , 0.8580,0.3189,7011.0103 , 51.4882,21.5192,4.7711 , 1.1195,0.5676,186.3809 , 13.8671,3.7272,<LOD,7.5207,0.1898,16.1149 , 0.7519,2.2437,46.7212 , 2.9715,0.5844,122.8053 , 1.3948,12.1845,133841.1406 , 2764.2124,2.8744,484.8009 , 23.3576,16.4479,39740.5273 , 247.5089,46.3608,<LOD,49.4468,0.7997,8015.5732 , 104.1370,5.0538,40098.6484 , 4430.1021,0.1075,824.6643 , 134.2975,0.2361,5260.8604 , 71.9749,1.9329,323377.7500 , 824.9766,29.6572,,,,,,,,
10,Mining,120.37,30.00,30.10,30.16,28.88,"Thu Apr 2, 2026 - 12:04:38",User,1.5,ppm,,,,,,Mining,<LOD,1.3353,0.6335,<LOD,1.4015,0.2533,<LOD,3.0284,0.1092,409804.2812 , 6080.5366,<LOD,1.2959,0.1375,<LOD,2.0317,1.1624,<LOD,52.3782,11.9542,112.1673 , 5.6154,3.3153,8.1821 , 2.6986,0.3332,30778.1680 , 173.1085,76.3522,<LOD,0.0000,0.0000,5.9895 , 1.9174,0.2680,395.7951 , 25.7486,1.1682,<LOD,0.9882,4.5624,3.7984 , 0.5498,2.9228,<LOD,7.0232,0.2476,6.7542 , 0.9695,0.3259,<LOD,1.1789,0.4405,36.2505 , 1.1020,2.0075,<LOD,0.0000,0.0000,<LOD,3.8215,3.5067,<LOD,0.7994,0.1945,9.1940 , 2.1053,3.0071,258.9191 , 1.6276,16.1169,<LOD,0.0000,0.0000,3.2971 , 0.7374,0.3258,6388.4170 , 48.6574,22.7097,3.5342 , 0.9924,0.5901,174.3222 , 12.6652,3.9870,<LOD,6.5545,0.1901,14.3433 , 0.6769,2.4102,33.6491 , 2.5161,0.5517,103.2672 , 1.2240,12.2979,143341.1562 , 2494.3943,3.0839,352.6030 , 19.1635,15.6898,41599.5703 , 256.3730,55.7545,<LOD,47.7649,0.8539,7582.1460 , 96.4134,5.4704,41795.5547 , 4265.7183,0.1165,979.2660 , 139.5757,0.2935,11560.2822 , 105.0056,4.5711,304649.1562 , 861.6796,31.9079,,,,,,,,
11,Mining,120.41,30.08,30.11,30.04,28.96,"Thu Apr 2, 2026 - 12:07:59",User,1.5,ppm,,,,,,Mining,<LOD,1.7386,0.5613,<LOD,1.6359,0.1956,<LOD,3.4003,0.0773,521106.6875 , 6552.6938,<LOD,1.5040,0.1039,<LOD,2.6665,1.0429,<LOD,59.2855,8.5780,65.3742 , 4.8608,1.8564,<LOD,5.3005,0.2477,30223.7168 , 128.4413,54.5287,<LOD,0.0000,0.0000,19.0755 , 2.6263,0.2973,<LOD,31.4020,0.4181,<LOD,1.1225,3.3776,2.5562 , 0.6168,2.1538,<LOD,8.6663,0.2322,6.0716 , 1.1216,0.2457,<LOD,1.5107,0.3770,14.4816 , 0.9511,0.7575,<LOD,0.0000,0.0000,<LOD,5.1561,3.3896,<LOD,0.8986,0.1380,19.0776 , 2.8445,2.9267,264.2191 , 1.6560,12.0849,<LOD,0.0000,0.0000,2.3159 , 0.8200,0.2169,5128.6543 , 38.3333,13.2227,<LOD,2.1558,0.4207,118.6417 , 11.0793,2.2694,<LOD,7.4563,0.1372,1.7248 , 0.6063,1.0870,<LOD,3.0088,0.1940,94.8846 , 1.3128,8.7159,91472.6250 , 2569.2576,1.9852,505.6579 , 25.7669,15.2898,20120.4629 , 155.9804,18.7762,<LOD,53.6359,0.6817,3675.4734 , 72.4137,2.0444,13259.8027 , 3857.9434,0.0600,375.4917 , 126.6466,0.1399,18289.8359 , 130.7985,4.8836,295233.1562 , 729.2505,20.8433,5,436.100006,39.001732,-122.662041,10.000000,529263.750000,4317023.000000,
12,Mining,120.45,30.11,30.12,30.06,30.16,"Thu Apr 2, 2026 - 12:11:50",User,1.5,ppm,,,,,,Mining,<LOD,1.4469,0.6601,<LOD,1.4508,0.2726,<LOD,3.1056,0.1130,371229.7812 , 6510.1099,<LOD,1.3238,0.1408,<LOD,2.1879,1.1922,<LOD,50.2655,10.5447,119.4122 , 5.8061,3.1948,18.6718 , 2.9306,0.3846,27823.9258 , 164.0299,65.7158,<LOD,0.0000,0.0000,6.9651 , 1.9816,0.2795,375.8236 , 25.3918,1.0816,<LOD,0.9878,4.4568,5.4015 , 0.5592,2.9752,<LOD,7.1875,0.2779,7.9387 , 0.9863,0.3314,<LOD,1.2681,0.4516,37.3899 , 1.1086,1.9944,<LOD,0.0000,0.0000,<LOD,4.1638,3.7108,<LOD,0.8034,0.1904,15.0022 , 2.3090,3.2445,263.2981 , 1.6501,15.8263,<LOD,0.0000,0.0000,3.0549 , 0.7427,0.3203,6278.0303 , 49.4347,21.1121,3.6713 , 0.9932,0.5804,164.5032 , 12.8243,3.6720,<LOD,6.8742,0.2050,19.0507 , 0.7134,2.6368,32.3688 , 2.4971,0.5317,107.3252 , 1.2382,12.2139,159962.5938 , 2663.6406,3.4233,427.7613 , 21.0634,17.0372,36701.0977 , 245.9970,46.2358,<LOD,48.1987,0.8276,7221.8315 , 97.6899,4.9215,40877.8984 , 4191.9922,0.1140,855.6900 , 133.5391,0.2556,12337.5215 , 108.0442,4.5522,335103.9375 , 898.0463,33.8363,6,427.500000,39.001690,-122.661995,10.000000,529268.062500,4317018.500000,
13,Mining,120.39,30.05,30.14,30.05,28.94,"Thu Apr 2, 2026 - 12:14:29",User,1.5,ppm,,,,,,Mining,<LOD,1.4854,0.5828,<LOD,1.5135,0.2642,<LOD,2.9816,0.0898,466791.9062 , 5923.5952,<LOD,1.3780,0.1323,<LOD,2.2524,1.0634,<LOD,62.7629,16.6311,107.6245 , 6.4078,3.3006,15.9999 , 3.0016,0.3549,45214.6523 , 198.4421,107.0607,<LOD,0.0000,0.0000,2.8245 , 1.9137,0.2220,1167.0525 , 36.6579,2.3357,<LOD,1.0219,4.1029,4.5829 , 0.5865,2.8186,<LOD,8.1831,0.2553,6.4995 , 1.0133,0.3024,<LOD,1.2370,0.3575,35.3661 , 1.1087,1.7350,<LOD,0.0000,0.0000,<LOD,4.2272,3.1924,<LOD,0.8026,0.1672,16.0837 , 2.3413,2.7738,260.8878 , 1.6007,14.4259,<LOD,0.0000,0.0000,2.6934 , 0.7650,0.2875,5534.8345 , 48.0578,18.9673,1.8769 , 0.9947,0.5001,171.8127 , 13.6791,3.4978,<LOD,7.0146,0.1863,22.1011 , 0.7653,2.6233,46.3321 , 2.8320,0.6004,96.3472 , 1.2115,10.5180,116684.3906 , 2362.6416,2.5223,370.7221 , 21.0645,14.0675,45424.3047 , 272.2879,58.9172,<LOD,46.3958,0.8283,6764.9180 , 101.9346,4.7997,35404.9336 , 4227.3857,0.1014,1080.5378 , 144.8302,0.3215,6241.5479 , 75.7554,2.5095,268529.1562 , 752.0596,26.0968,7,432.000000,39.001781,-122.661987,10.000000,529268.625000,4317028.500000,
14,Mining,120.30,30.01,30.07,30.13,30.09,"Thu Apr 2, 2026 - 12:17:28",User,1.5,ppm,,,,,,Mining,<LOD,1.4613,0.6164,<LOD,1.5079,0.2637,<LOD,3.0422,0.0943,391344.5000 , 6850.4785,<LOD,1.4118,0.1404,<LOD,2.1992,1.0977,<LOD,62.7101,16.8610,117.9017 , 6.5673,3.4446,21.9198 , 3.1529,0.3953,45975.9062 , 241.3900,111.0019,<LOD,0.0000,0.0000,12.5871 , 2.2111,0.3109,401.9928 , 26.3514,1.2154,<LOD,1.0203,4.1996,5.1507 , 0.5692,2.7460,<LOD,8.4227,0.2849,6.0466 , 1.0131,0.3053,<LOD,1.3454,0.4701,35.9390 , 1.1272,1.7867,<LOD,0.0000,0.0000,<LOD,4.2690,3.5933,<LOD,0.8365,0.1853,17.5248 , 2.3508,3.0756,284.1621 , 1.8044,15.9995,<LOD,0.0000,0.0000,3.1713 , 0.7843,0.3062,5527.4897 , 50.7160,19.3592,<LOD,2.2512,0.5248,158.4234 , 13.7969,3.5060,<LOD,7.3018,0.2042,15.3913 , 0.7107,2.2612,41.4898 , 2.7687,0.5784,109.2300 , 1.3122,11.8030,139643.2656 , 2699.8010,3.0036,472.4842 , 21.6249,16.3885,35652.0430 , 260.1112,46.2921,<LOD,47.9374,0.8292,6528.8828 , 103.5906,4.6309,53169.4258 , 4755.9380,0.1343,842.9417 , 137.1660,0.2717,12383.4482 , 108.5645,4.6647,307228.6875 , 874.9029,30.9457,,,,,,,,
15,Mining,120.74,30.31,30.09,30.11,30.23,"Thu Apr 2, 2026 - 12:20:08",User,1.5,ppm,,,,,,Mining,<LOD,1.4146,0.5867,<LOD,1.4211,0.2388,<LOD,3.0275,0.0992,449492.8438 , 6218.4126,<LOD,1.2909,0.1247,<LOD,2.1496,1.0678,<LOD,57.4710,13.9208,103.4236 , 6.0429,3.1378,8.3822 , 2.7744,0.3245,37341.7227 , 192.4597,88.3087,<LOD,0.0000,0.0000,32.6621 , 2.5896,0.4791,1170.1875 , 36.6464,2.3078,<LOD,1.0085,4.2718,4.0860 , 0.5722,2.8586,<LOD,7.8800,0.2903,6.1651 , 0.9844,0.3062,<LOD,1.2647,0.4198,32.9814 , 1.0779,1.7121,<LOD,0.0000,0.0000,<LOD,4.1338,3.4025,<LOD,0.8059,0.1809,14.8752 , 2.2872,2.9505,256.8820 , 1.6105,14.7531,<LOD,0.0000,0.0000,3.6066 , 0.7396,0.2994,5413.1611 , 46.8278,18.4151,2.6670 , 1.0377,0.5781,162.3717 , 12.9221,3.3545,<LOD,6.8189,0.1885,20.5434 , 0.7350,2.5944,68.3012 , 3.1207,0.7800,97.0700 , 1.2023,10.9094,125841.3438 , 2548.7942,2.7388,387.2465 , 20.7173,15.1759,58516.3633 , 318.1216,77.4364,<LOD,53.8017,0.9937,6535.3628 , 95.9654,4.7913,28261.8379 , 4579.8926,0.1056,669.7579 , 147.5311,0.2888,32405.2402 , 184.0356,12.4594,253150.9219 , 790.8604,25.9108,,,,,,,,
16,Mining,120.26,30.28,30.08,30.04,29.86,"Thu Apr 2, 2026 - 12:22:44",User,1.5,ppm,,,,,,Mining,<LOD,1.8468,0.5543,<LOD,1.8237,0.2360,<LOD,3.8231,0.0879,491929.2188 , 7244.6416,<LOD,1.7124,0.1223,<LOD,2.7937,0.9951,<LOD,76.6958,15.9500,96.4517 , 5.7162,2.4422,44.1254 , 4.2135,0.4209,52586.0547 , 186.6417,101.0125,<LOD,0.0000,0.0000,14.3460 , 2.7239,0.2767,1124.9934 , 41.2505,1.9140,<LOD,1.2188,3.4082,2.7934 , 0.6878,2.2634,<LOD,10.6802,0.2785,5.4724 , 1.1947,0.2503,<LOD,1.5953,0.3685,28.5279 , 1.2145,1.1962,<LOD,0.0000,0.0000,<LOD,5.3986,3.1851,<LOD,1.0633,0.1780,18.3086 , 2.9954,2.8086,273.3695 , 1.7762,11.8571,<LOD,0.0000,0.0000,2.9712 , 0.9277,0.2450,5430.1538 , 42.8638,15.0967,4.4053 , 1.2369,0.4588,126.9863 , 12.2507,2.6062,<LOD,10.2218,0.1981,27.9929 , 0.9278,2.3255,85.9034 , 4.0235,0.7287,103.6748 , 1.4105,8.7844,90546.7109 , 2632.4797,1.9647,566.6252 , 27.5233,15.1023,36522.0156 , 216.9775,37.9109,<LOD,47.7753,0.6879,5721.9761 , 89.8104,3.3503,34260.2188 , 4647.5527,0.0927,684.4427 , 124.7907,0.1837,6540.3662 , 77.5535,2.1009,273251.9062 , 702.6838,21.0905,,,,,,,,
17,Mining,120.42,30.07,30.18,30.11,30.06,"Thu Apr 2, 2026 - 12:59:19",User,1.5,ppm,,,,,,Mining,1.4138 , 0.7166,0.7208,<LOD,1.0615,0.2389,<LOD,2.2976,0.1012,703152.3750 , 2628.1763,<LOD,1.0048,0.1336,5.7243 , 1.1344,1.4747,<LOD,41.2096,11.1138,67.9097 , 3.9636,2.7346,<LOD,3.1847,0.3262,22640.1445 , 95.5072,69.8761,<LOD,0.0000,0.0000,<LOD,2.2562,0.2555,425.4837 , 23.5128,1.4586,<LOD,0.8134,5.1544,<LOD,0.6780,3.3449,<LOD,5.7667,0.2855,<LOD,1.0833,0.3316,2.1552 , 0.6786,0.5807,21.5941 , 0.7770,1.6350,<LOD,0.0000,0.0000,<LOD,4.2297,3.9312,<LOD,0.6483,0.2117,<LOD,2.8928,2.9324,160.2179 , 1.0125,13.1999,<LOD,0.0000,0.0000,<LOD,1.3473,0.2897,4012.5403 , 30.0132,17.5124,<LOD,1.0956,0.5225,111.9265 , 8.7966,3.1287,<LOD,5.6493,0.2256,6.7150 , 0.5171,2.3200,21.2029 , 2.0265,0.5709,53.7984 , 0.8186,9.8400,66573.5000 , 997.9373,1.4676,<LOD,20.7127,11.4697,27280.5078 , 159.7111,43.3314,<LOD,30.2031,0.6912,4774.1289 , 67.6152,4.1237,9249.2832 , 1994.7714,0.0497,397.3353 , 78.8422,0.1785,1891.1385 , 35.7001,1.0795,159150.9219 , 473.8698,16.8886,5,472.700012,39.001934,-122.663216,10.000000,529162.062500,4317045.000000,
18,Mining,120.08,30.05,30.13,30.10,29.80,"Thu Apr 2, 2026 - 13:02:13",User,1.5,ppm,,,,,,Mining,<LOD,2.2024,0.6759,<LOD,1.3664,0.2428,<LOD,2.8114,0.0941,667965.1875 , 3639.6562,<LOD,1.3147,0.1415,<LOD,2.9296,1.2842,<LOD,49.6476,10.4643,81.8640 , 4.7527,2.5310,4.8451 , 2.7558,0.3446,27067.3164 , 112.4702,65.8610,<LOD,0.0000,0.0000,3.0006 , 1.9010,0.2590,552.0517 , 28.5384,1.4020,<LOD,0.9614,4.3969,<LOD,0.7862,2.7385,<LOD,7.2907,0.2966,4.7672 , 0.9376,0.3058,<LOD,1.8396,0.5049,30.0531 , 0.9995,1.6864,<LOD,0.0000,0.0000,<LOD,3.8389,3.5573,<LOD,0.7680,0.1813,<LOD,3.0751,2.7501,232.9283 , 1.3580,14.5455,<LOD,0.0000,0.0000,1.6278 , 0.7156,0.2943,4595.5776 , 35.3545,15.8300,<LOD,1.3807,0.5095,128.4624 , 10.4246,2.8282,<LOD,6.8129,0.2043,12.1750 , 0.6549,2.2953,33.9125 , 2.5664,0.5720,85.2620 , 1.0928,10.7852,62410.4414 , 1324.7048,1.3793,94.6534 , 17.8701,12.1852,29967.2383 , 182.7100,37.9557,<LOD,39.3517,0.7217,5228.2681 , 78.5054,3.6626,11543.9014 , 2668.2217,0.0526,544.6328 , 99.2596,0.1767,3214.1462 , 50.9121,1.3640,186197.7344 , 566.2924,16.1872,5,454.000000,39.001347,-122.663063,10.000000,529175.250000,4316980.000000,
19,Mining,120.40,30.18,30.03,30.11,30.08,"Thu Apr 2, 2026 - 13:05:30",User,1.5,ppm,,,,,,Mining,<LOD,2.0382,0.6439,<LOD,1.3458,0.2122,<LOD,3.1625,0.1122,663921.5000 , 3903.6360,<LOD,1.2812,0.1262,<LOD,2.1499,1.1994,<LOD,49.1826,9.5857,88.6367 , 4.7056,2.4784,7.1609 , 2.8218,0.3396,26538.3359 , 110.8411,60.8568,<LOD,0.0000,0.0000,<LOD,2.7594,0.2210,547.5547 , 28.6094,1.3174,<LOD,0.9626,4.1406,<LOD,0.7968,2.6544,<LOD,7.0280,0.2513,4.9198 , 0.9499,0.2943,<LOD,1.2383,0.4416,29.9226 , 0.9991,1.5888,<LOD,0.0000,0.0000,<LOD,3.9732,3.5298,<LOD,0.8611,0.2155,<LOD,3.9952,2.7052,228.9517 , 1.3481,13.5157,<LOD,0.0000,0.0000,1.4211 , 0.6999,0.2656,4514.5264 , 34.2886,14.6896,<LOD,1.3665,0.4724,127.4174 , 10.1041,2.6405,<LOD,7.0115,0.2038,12.4312 , 0.6591,2.1871,31.9238 , 2.5577,0.5332,89.2805 , 1.1072,10.4340,59819.8516 , 1373.9177,1.3234,93.0492 , 18.2926,11.6723,29968.3574 , 177.6751,35.8166,<LOD,40.4706,0.7228,5156.7334 , 76.1784,3.4235,15061.2559 , 2858.4277,0.0576,500.5313 , 98.7561,0.1643,3325.8479 , 51.6655,1.3306,189930.3594 , 568.1790,15.5990,,,,,,,,
20,Mining,120.55,30.02,30.29,30.13,30.11,"Thu Apr 2, 2026 - 13:47:57",User,1.5,ppm,,,,,,Mining,<LOD,1.4805,0.5966,<LOD,1.8365,0.3819,<LOD,3.3515,0.1121,382784.8125 , 6975.4893,<LOD,1.5255,0.1605,<LOD,2.2854,1.1243,<LOD,55.6389,11.5195,119.2672 , 6.0536,3.1168,4.5490 , 2.7791,0.2964,32516.4883 , 179.9192,72.9747,<LOD,0.0000,0.0000,5.5106 , 2.0487,0.2533,503.2321 , 28.6189,1.2347,<LOD,1.4272,4.3676,5.4907 , 0.5840,2.7473,<LOD,7.9786,0.2900,17.5262 , 1.2309,0.4424,<LOD,1.3856,0.4712,37.2306 , 1.1572,1.8514,<LOD,0.0000,0.0000,<LOD,4.3676,3.5182,<LOD,0.8968,0.2072,16.8810 , 2.4354,3.1342,302.0042 , 1.8368,16.7786,<LOD,0.0000,0.0000,<LOD,1.5976,0.2957,6686.9204 , 52.0476,21.5660,2.9274 , 1.0517,0.5548,158.8299 , 13.5400,3.6768,<LOD,7.2751,0.1966,13.6898 , 0.7056,2.1860,28.6091 , 2.5533,0.4770,121.2219 , 1.3647,12.6645,140521.2188 , 2678.9434,3.0155,466.0988 , 22.2931,16.6046,39772.8633 , 255.3672,48.2354,<LOD,48.1446,0.8494,9334.7158 , 111.6868,6.0162,52417.2891 , 4466.2061,0.1279,745.7083 , 123.9636,0.2243,1418.3828 , 42.3061,0.7259,331998.5625 , 858.0330,31.8471,6,411.700012,39.001709,-122.662003,10.000000,529267.062500,4317020.500000,
21,Mining,120.34,30.16,30.01,30.09,28.58,"Thu Apr 2, 2026 - 13:50:31",User,1.5,ppm,,,,,,Mining,<LOD,1.5022,0.6210,<LOD,1.6305,0.2737,<LOD,3.3180,0.1031,378258.8438 , 7128.9390,<LOD,1.4800,0.1414,<LOD,2.2767,1.1261,<LOD,60.7833,13.3379,125.4488 , 6.5039,3.3419,10.7318 , 3.0041,0.3267,36634.3320 , 203.9566,83.4275,<LOD,0.0000,0.0000,<LOD,3.1210,0.2211,447.5728 , 28.4189,1.1876,<LOD,1.2997,4.3504,6.6514 , 0.6143,2.8590,<LOD,8.3090,0.2752,9.5137 , 1.1202,0.3427,<LOD,1.3854,0.4750,37.4101 , 1.1990,1.8633,<LOD,0.0000,0.0000,<LOD,4.3577,3.5537,<LOD,0.9060,0.1984,14.6360 , 2.3995,3.0513,292.0887 , 1.8650,16.1739,<LOD,0.0000,0.0000,3.8646 , 0.8361,0.3262,6664.5161 , 54.4154,21.8483,4.2091 , 1.0868,0.5593,174.9093 , 14.3422,3.8173,<LOD,12.8590,0.2236,15.6878 , 0.7431,2.2757,29.9396 , 2.6649,0.4889,122.3682 , 1.4122,12.6105,142644.7344 , 2770.0520,3.0601,504.4879 , 22.2842,16.7808,40667.6445 , 270.6178,50.2111,<LOD,49.2811,0.8398,9326.8564 , 117.0573,6.1537,50880.2539 , 4621.9570,0.1254,982.9896 , 137.1635,0.2654,1194.0864 , 41.5034,0.6556,330946.1875 , 891.1252,32.3491,6,412.200012,39.001770,-122.661972,10.000000,529270.062500,4317027.500000,
22,Mining,120.16,30.03,30.07,30.00,27.35,"Thu Apr 2, 2026 - 13:53:00",User,1.5,ppm,,,,,,Mining,<LOD,1.4760,0.6315,<LOD,1.5579,0.2632,<LOD,3.0262,0.0889,386603.6875 , 7295.2153,<LOD,1.4785,0.1465,<LOD,2.1892,1.0881,<LOD,57.5142,11.6516,130.7751 , 6.4612,3.2960,8.4023 , 2.8984,0.3146,32304.8145 , 188.4781,72.6830,<LOD,0.0000,0.0000,<LOD,4.2981,0.2194,392.7980 , 27.1723,1.0809,<LOD,1.4423,4.3473,6.5490 , 0.5907,2.8523,<LOD,7.9947,0.2789,7.5773 , 1.0570,0.3168,<LOD,1.3621,0.4834,37.9263 , 1.1697,1.8590,<LOD,0.0000,0.0000,<LOD,4.2564,3.5775,<LOD,0.8493,0.1833,13.0492 , 2.3358,3.0395,294.6301 , 1.8640,16.4444,<LOD,0.0000,0.0000,3.9823 , 0.8315,0.3345,7114.9951 , 56.1685,22.9008,<LOD,2.3556,0.5169,206.7305 , 14.7169,4.0570,<LOD,7.3178,0.1941,17.1613 , 0.7439,2.3788,30.4462 , 2.6199,0.4896,119.7445 , 1.3848,12.5626,139507.7344 , 2846.5571,2.9913,487.3572 , 21.6872,16.6920,40517.6250 , 270.8434,49.3921,<LOD,49.0816,0.7822,9532.3789 , 117.5215,6.1982,55420.9883 , 4799.6382,0.1318,894.2301 , 139.4948,0.2561,1193.9700 , 42.3520,0.6446,325152.4375 , 909.2615,31.2026,6,413.100006,39.001740,-122.661987,10.000000,529268.500000,4317024.000000,
23,Mining,122.75,32.55,30.00,30.11,30.09,"Thu Apr 2, 2026 - 13:55:35",User,1.5,ppm,,,,,,Mining,<LOD,1.4685,0.6245,<LOD,1.5217,0.2492,<LOD,3.2301,0.1044,384549.2812 , 6895.9399,<LOD,1.3750,0.1300,<LOD,2.1650,1.0601,<LOD,55.8579,11.5779,117.1887 , 6.0869,3.1457,15.1574 , 3.0377,0.3552,31763.8652 , 178.9114,72.6893,<LOD,0.0000,0.0000,3.6368 , 1.9999,0.2380,474.7903 , 28.4291,1.2124,<LOD,1.3588,4.4143,5.6716 , 0.5965,2.8845,<LOD,8.0083,0.2933,8.0718 , 1.0583,0.3264,<LOD,1.3467,0.4716,39.3286 , 1.1864,1.9674,<LOD,0.0000,0.0000,<LOD,4.2148,3.4877,<LOD,0.8586,0.1884,15.2354 , 2.3350,3.0459,287.2925 , 1.7971,16.3477,<LOD,0.0000,0.0000,4.5631 , 0.8025,0.3324,6568.9355 , 51.7082,21.4682,2.7676 , 1.0463,0.5508,195.1690 , 13.8101,3.8351,<LOD,7.4031,0.2038,21.2885 , 0.7774,2.6767,59.2127 , 3.0932,0.7008,119.2017 , 1.3627,12.6827,138780.7500 , 2563.7466,2.9770,485.8648 , 21.5833,16.6551,39270.7266 , 256.7464,48.4742,<LOD,43.0125,0.7415,10110.6572 , 117.2693,6.6089,61753.3867 , 4440.6069,0.1427,843.7242 , 122.6539,0.2456,2118.1255 , 46.0161,0.9616,322386.0938 , 840.8663,31.2704,6,411.600006,39.001724,-122.661995,10.000000,529267.937500,4317022.500000,
24,Mining,123.93,33.73,30.08,30.11,30.01,"Thu Apr 2, 2026 - 13:58:02",User,1.5,ppm,,,,,,Mining,<LOD,2.3099,0.6471,<LOD,0.0508,0.0006,<LOD,0.1586,0.0003,716.5527,,<LOD,0.0885,0.0007,<LOD,3.3865,1.0874,38.0104 , 3.0985,0.0837,211.1343 , 12.1540,3.3140,<LOD,1.3119,0.0386,<LOD,10.1311,0.1707,<LOD,0.0000,0.0000,<LOD,0.4262,0.0043,417.5807 , 24.6145,0.7336,<LOD,0.0043,-0.0000,<LOD,0.0037,-0.0000,11.5866 , 1.8414,0.0707,<LOD,0.0188,0.0000,<LOD,2.0596,0.4587,<LOD,0.0168,0.0000,<LOD,0.0000,0.0000,<LOD,6.5963,3.6124,<LOD,0.0537,0.0006,30.1884 , 3.6851,3.2051,<LOD,0.0032,-0.0000,<LOD,0.0000,0.0000,<LOD,0.0408,-0.0001,10511.4521 , 224.2128,21.9573,<LOD,0.0374,0.0002,289.0810 , 25.6621,3.8377,<LOD,1.7347,0.0144,<LOD,0.0007,-0.0000,<LOD,0.6276,0.0168,<LOD,0.0039,-0.0000,391888.6562 , 2207.6428,3.0545,921.5059 , 493.2098,16.5473,73428.5000 , 1181.3536,49.6252,<LOD,76.9688,0.7705,15125.3740 , 288.0456,6.5970,104626.8047 , 5662.5830,0.1311,1690.5004 , 217.5779,0.2512,3039.2271 , 93.0610,1.0047,397053.9062 , 3451.9900,31.9030,7,416.100006,39.001732,-122.661942,10.000000,529272.250000,4317023.000000,
25,Mining,120.66,30.18,30.22,30.09,28.38,"Thu Apr 2, 2026 - 14:00:27",User,1.5,ppm,,,,,,Mining,<LOD,1.3949,0.6338,<LOD,1.4355,0.2564,<LOD,2.9935,0.1028,381023.0625 , 6802.3057,<LOD,1.3063,0.1346,<LOD,2.1081,1.1413,<LOD,54.0901,12.4932,129.5507 , 6.0361,3.4609,11.5978 , 2.8150,0.3494,32270.5898 , 195.5630,78.9218,<LOD,0.0000,0.0000,2.4669 , 1.8488,0.2327,384.1124 , 25.7140,1.1390,<LOD,0.9993,4.4713,4.5046 , 0.5590,2.9059,<LOD,7.6204,0.2978,7.4134 , 0.9927,0.3294,<LOD,1.2640,0.4665,32.2889 , 1.0644,1.7793,<LOD,0.0000,0.0000,<LOD,4.0620,3.6752,<LOD,0.7937,0.1842,17.5396 , 2.2497,3.1925,281.3611 , 1.7967,17.0842,<LOD,0.0000,0.0000,3.7940 , 0.7492,0.3264,6111.4619 , 50.8259,21.4283,2.4719 , 0.9854,0.5605,168.2680 , 13.0491,3.7849,<LOD,6.8773,0.2014,18.8216 , 0.7151,2.5946,52.3912 , 2.8540,0.6829,104.3858 , 1.2688,12.3383,147783.0156 , 2673.2476,3.1675,421.8774 , 20.5017,16.6241,39681.6289 , 268.5972,52.3584,<LOD,46.0946,0.7857,8936.4014 , 109.7607,6.2704,64365.9688 , 4711.1812,0.1496,879.3068 , 132.8573,0.2649,3427.3909 , 59.9602,1.5038,313878.3125 , 928.6573,32.2577,7,416.200012,39.001720,-122.661980,10.000000,529268.937500,4317022.000000,
26,Mining,120.62,30.16,30.28,30.09,28.89,"Thu Apr 2, 2026 - 14:03:41",User,1.5,ppm,,,,,,Mining,<LOD,1.1993,0.7988,<LOD,1.4164,0.4235,<LOD,3.3476,0.2014,433766.5938 , 4189.8374,<LOD,1.2132,0.1809,<LOD,1.8608,1.5320,<LOD,42.6735,11.1157,95.8806 , 4.3696,3.3775,<LOD,3.3920,0.3452,22918.8516 , 115.4149,68.8158,<LOD,0.0000,0.0000,164.1483 , 4.1708,2.1965,<LOD,22.4466,0.5262,<LOD,0.9153,5.8378,5.2444 , 0.5089,3.7179,<LOD,5.9848,0.2908,7.7842 , 0.9131,0.4361,<LOD,1.0926,0.5939,53.0135 , 1.1765,3.4572,<LOD,0.0000,0.0000,<LOD,3.5350,4.7928,<LOD,0.7584,0.2517,7.0762 , 1.9174,3.9270,113.2020 , 0.9115,9.4867,<LOD,0.0000,0.0000,4.3411 , 0.6938,0.4399,7313.5913 , 42.0136,31.1066,3.4591 , 1.0781,0.9958,163.3910 , 10.9296,5.1344,<LOD,0.0000,0.2161,7.3023 , 0.5847,2.6580,<LOD,4.1431,0.4349,121.9417 , 1.0853,15.2730,174011.3281 , 1851.4353,3.7130,390.8255 , 17.5798,21.2206,5695.2876 , 79.5889,9.0455,<LOD,40.2508,0.8453,9499.4961 , 91.8231,7.2903,10827.2979 , 2582.3635,0.0659,561.0107 , 104.2603,0.2149,22013.0918 , 127.7568,9.3625,312255.8750 , 736.0430,36.4419,5,414.899994,39.001713,-122.661919,10.000000,529274.250000,4317021.000000,
27,Mining,122.76,32.59,30.06,30.06,30.05,"Thu Apr 2, 2026 - 14:06:23",User,1.5,ppm,,,,,,Mining,<LOD,1.3442,0.7066,<LOD,1.5909,0.3894,<LOD,3.7009,0.1770,434705.9375 , 4746.5972,<LOD,1.3400,0.1591,<LOD,2.1276,1.4120,<LOD,48.6932,10.8281,91.4356 , 5.0500,3.0194,4.7601 , 2.6312,0.3399,27010.9062 , 126.0908,68.5837,<LOD,0.0000,0.0000,174.5437 , 4.5972,1.9353,<LOD,24.5613,0.4733,<LOD,1.0064,5.0313,4.0227 , 0.5502,3.0818,<LOD,6.9412,0.2843,8.4217 , 1.0177,0.3900,<LOD,1.2690,0.5684,52.6734 , 1.2666,2.8738,<LOD,0.0000,0.0000,<LOD,4.0566,4.4338,<LOD,0.8701,0.2444,10.5011 , 2.2162,3.7263,117.4945 , 0.9879,8.1599,<LOD,0.0000,0.0000,4.4384 , 0.7605,0.3766,6888.8809 , 44.5058,25.0042,4.1309 , 1.1918,0.8747,155.3196 , 12.1539,4.1921,<LOD,0.0000,0.2137,8.5749 , 0.6456,2.3341,<LOD,4.2182,0.3885,124.9459 , 1.1687,12.9858,154217.4688 , 1980.8098,3.2985,483.5393 , 20.4378,20.4192,7866.0708 , 102.8150,10.5075,<LOD,44.6175,0.9103,8922.2080 , 100.0920,5.9284,8550.5186 , 2694.0496,0.0600,690.5864 , 109.5254,0.2111,25680.5137 , 135.3369,9.3060,324222.0938 , 701.5114,32.7377,6,416.000000,39.001747,-122.661995,10.000000,529268.062500,4317025.000000,
28,Mining,122.99,32.72,30.02,30.13,30.12,"Thu Apr 2, 2026 - 14:08:56",User,1.5,ppm,,,,,,Mining,<LOD,1.2777,0.8056,<LOD,1.5156,0.4186,<LOD,3.5259,0.1932,428566.3125 , 4412.7222,<LOD,1.3050,0.1815,<LOD,1.9510,1.4903,<LOD,43.8180,10.1055,93.9337 , 4.7216,3.3075,5.3819 , 2.5152,0.3721,22545.5234 , 115.2675,63.0783,<LOD,0.0000,0.0000,177.6886 , 4.4849,2.2025,<LOD,24.1548,0.5262,<LOD,0.9417,5.5477,5.9060 , 0.5225,3.5556,<LOD,6.3748,0.2981,8.9506 , 0.9809,0.4363,<LOD,1.1540,0.5878,59.6550 , 1.2719,3.5464,<LOD,0.0000,0.0000,<LOD,3.7127,4.6741,<LOD,0.8230,0.2619,9.0395 , 2.0248,3.8911,110.1662 , 0.9303,8.6634,<LOD,0.0000,0.0000,3.6064 , 0.7301,0.4122,7053.0762 , 42.9579,28.0216,<LOD,2.5743,0.9244,162.9537 , 11.4565,4.6979,<LOD,0.0000,0.2174,9.6078 , 0.6397,2.7616,4.5218 , 1.9780,0.4436,123.5820 , 1.1253,14.3647,169313.2344 , 1882.2018,3.6186,396.3269 , 18.4501,20.6096,7433.4121 , 94.2781,10.8601,<LOD,40.6673,0.8347,9712.1172 , 97.6234,6.9968,7899.6030 , 2591.5945,0.0638,652.2104 , 110.3247,0.2370,29995.6719 , 147.5926,11.9265,315657.5000 , 713.8162,34.9662,5,417.500000,39.001698,-122.661888,10.000000,529276.750000,4317019.500000,
29,Mining,120.37,30.07,30.24,30.02,27.04,"Thu Apr 2, 2026 - 14:19:11",User,1.5,ppm,,,,,,Mining,<LOD,1.3156,0.6515,<LOD,1.3608,0.2574,<LOD,2.8335,0.1063,397573.4688 , 6009.4380,<LOD,1.3211,0.1594,<LOD,2.0535,1.2670,<LOD,50.7353,12.4944,119.5765 , 5.9372,3.6029,7.2909 , 2.5961,0.3433,30418.2148 , 176.5606,79.0285,<LOD,0.0000,0.0000,<LOD,3.7157,0.2417,350.1320 , 24.1654,1.1419,<LOD,0.9573,4.7512,4.4741 , 0.5382,3.1253,<LOD,6.9935,0.2840,7.8099 , 0.9626,0.3584,<LOD,1.2346,0.5172,31.7803 , 1.0221,1.8975,<LOD,0.0000,0.0000,<LOD,3.8598,3.8351,<LOD,0.7835,0.2117,12.7091 , 2.1235,3.2719,284.3932 , 1.7175,18.5075,<LOD,0.0000,0.0000,3.0177 , 0.7343,0.3513,6966.7759 , 53.3491,25.9065,3.2698 , 0.9576,0.6168,197.9153 , 13.7032,4.5652,<LOD,6.6894,0.2207,18.3631 , 0.6833,2.7480,53.9623 , 2.7574,0.7367,111.0009 , 1.2449,13.7908,150035.9531 , 2452.2620,3.2183,392.9366 , 19.3968,17.2105,38177.9805 , 256.0306,53.3614,<LOD,45.6636,0.8365,10219.2070 , 115.1047,7.5247,51657.1680 , 4273.4976,0.1295,1038.0425 , 136.1970,0.3048,2902.5874 , 55.4275,1.3883,309411.9688 , 896.9434,33.6274,6,423.200012,39.001797,-122.662025,10.000000,529265.312500,4317030.500000,
30,Mining,120.28,30.00,30.06,30.15,30.07,"Thu Apr 2, 2026 - 14:21:50",User,1.5,ppm,,,,,,Mining,<LOD,1.3613,0.6701,<LOD,1.3971,0.2774,<LOD,2.9621,0.1133,397894.0625 , 5993.5601,<LOD,1.2013,0.1283,<LOD,2.0398,1.1871,<LOD,49.9348,11.6786,115.0181 , 5.6206,3.3494,11.3505 , 2.6835,0.3577,29266.9609 , 166.4836,73.6145,<LOD,0.0000,0.0000,<LOD,4.0998,0.2410,409.9503 , 25.1792,1.1975,<LOD,0.9631,4.7232,5.3118 , 0.5426,3.1148,<LOD,6.8731,0.2681,7.2655 , 0.9570,0.3447,<LOD,1.1690,0.4386,34.9034 , 1.0504,1.9793,<LOD,0.0000,0.0000,<LOD,3.8880,3.7179,<LOD,0.8231,0.2293,13.6081 , 2.1461,3.2014,275.7697 , 1.6592,17.4793,<LOD,0.0000,0.0000,5.2513 , 0.7238,0.3607,6407.7192 , 48.8765,23.0201,2.9141 , 0.9496,0.5914,169.9471 , 12.6431,4.0073,<LOD,6.6397,0.2120,17.7717 , 0.6819,2.6694,47.0844 , 2.6551,0.6662,108.7998 , 1.2235,13.1744,150753.1719 , 2440.0830,3.2311,397.9644 , 19.5573,16.8025,39806.0195 , 252.0424,53.9057,<LOD,44.6198,0.8177,9643.6494 , 108.1107,6.9065,49189.1055 , 4138.8730,0.1249,997.7482 , 133.8775,0.2997,2207.5010 , 48.5883,1.0882,312211.1250 , 864.5435,32.9367,7,423.799988,39.001755,-122.661957,10.000000,529271.375000,4317025.500000,
31,Mining,120.68,30.29,30.17,30.12,29.20,"Thu Apr 2, 2026 - 14:24:22",User,1.5,ppm,,,,,,Mining,<LOD,1.3747,0.6700,<LOD,1.3968,0.2790,<LOD,2.9171,0.1083,407947.2812 , 6017.4668,<LOD,1.2546,0.1375,<LOD,2.0957,1.2368,<LOD,50.1592,11.5851,125.6239 , 5.8408,3.4437,16.3617 , 2.8095,0.3855,29373.6855 , 164.6159,73.2613,<LOD,0.0000,0.0000,2.9650 , 1.7577,0.2369,344.1889 , 24.2540,1.0916,<LOD,0.9675,4.6765,5.0103 , 0.5437,3.0700,<LOD,6.8778,0.2622,6.1707 , 0.9395,0.3265,<LOD,1.2110,0.4636,36.3350 , 1.0651,2.0133,<LOD,0.0000,0.0000,<LOD,3.9395,3.7411,<LOD,0.7687,0.1918,16.8408 , 2.1893,3.2826,278.1748 , 1.6628,17.4830,<LOD,0.0000,0.0000,6.0981 , 0.7567,0.3880,6557.0034 , 50.0420,23.3638,1.7253 , 0.9439,0.5711,182.0848 , 13.1228,4.1042,<LOD,6.2504,0.1838,17.8469 , 0.6885,2.6746,52.2121 , 2.7459,0.7006,111.3131 , 1.2382,13.3005,145875.7812 , 2442.7668,3.1296,391.5531 , 19.7705,16.7890,38654.1680 , 249.6696,51.8311,<LOD,45.4186,0.8241,9922.0635 , 111.8259,7.0304,47353.6797 , 4158.0283,0.1216,1109.7063 , 136.6909,0.3072,2828.4517 , 53.9424,1.3108,308783.6562 , 856.1363,32.1625,6,422.799988,39.001755,-122.661957,10.000000,529271.250000,4317025.500000,
32,Mining,120.52,30.16,30.26,30.07,28.53,"Thu Apr 2, 2026 - 14:27:03",User,1.5,ppm,,,,,,Mining,<LOD,1.3798,0.6431,<LOD,1.4061,0.2529,<LOD,3.0768,0.1110,408459.4375 , 6233.1899,<LOD,1.3175,0.1397,<LOD,2.0769,1.1494,<LOD,54.9121,13.3406,137.0880 , 6.1577,3.5648,8.0887 , 2.7081,0.3303,34124.8164 , 187.2751,84.3289,<LOD,0.0000,0.0000,<LOD,3.6658,0.2233,402.9626 , 25.9227,1.2008,<LOD,0.9866,4.4437,4.3889 , 0.5536,2.9143,<LOD,7.3442,0.2612,6.4193 , 0.9671,0.3184,<LOD,1.2336,0.4598,31.5332 , 1.0432,1.7504,<LOD,0.0000,0.0000,<LOD,3.9805,3.6481,<LOD,0.8069,0.1940,14.1608 , 2.1935,3.1241,279.3791 , 1.7141,17.0066,<LOD,0.0000,0.0000,3.0849 , 0.7396,0.3168,6267.2256 , 50.3477,22.1905,2.2022 , 0.9695,0.5559,169.8810 , 13.3258,3.8948,<LOD,6.6066,0.1898,15.3769 , 0.6789,2.3866,39.6957 , 2.6224,0.5897,104.2806 , 1.2423,12.3555,147432.1875 , 2594.4072,3.1607,390.5545 , 19.9286,16.1949,40758.4922 , 264.1463,54.4912,<LOD,46.3155,0.7675,8186.7085 , 105.8629,5.8655,41885.7227 , 4311.9971,0.1127,904.3147 , 139.6813,0.2820,4153.3569 , 66.3184,1.7927,306218.6562 , 878.7275,31.6958,7,420.799988,39.001774,-122.662010,10.000000,529266.312500,4317028.000000,
33,Mining,120.19,30.10,30.13,30.08,29.88,"Thu Apr 2, 2026 - 14:29:28",User,1.5,ppm,,,,,,Mining,<LOD,1.3792,0.6292,<LOD,1.4509,0.2631,<LOD,2.8784,0.0938,419205.1562 , 6054.1768,<LOD,1.3158,0.1352,<LOD,2.1091,1.1651,<LOD,54.1662,12.3908,121.1488 , 5.9836,3.3517,8.4300 , 2.7546,0.3312,32161.6387 , 170.6085,77.8294,<LOD,0.0000,0.0000,<LOD,2.6403,0.2000,363.0214 , 25.4150,1.1015,<LOD,1.0000,4.4475,4.8420 , 0.5617,2.9225,<LOD,7.4336,0.2715,7.1653 , 0.9930,0.3262,<LOD,1.2346,0.4511,33.3223 , 1.0735,1.8151,<LOD,0.0000,0.0000,<LOD,4.0165,3.6341,<LOD,0.8019,0.1896,12.8465 , 2.2132,3.1185,278.1205 , 1.6806,16.7357,<LOD,0.0000,0.0000,3.6893 , 0.7526,0.3252,6397.6313 , 49.6551,22.2002,2.8843 , 0.9856,0.5588,181.7911 , 13.3672,3.9366,<LOD,7.1491,0.2164,13.3686 , 0.6706,2.2597,34.7665 , 2.5718,0.5499,104.2762 , 1.2415,12.2172,139561.3750 , 2434.4009,2.9956,408.6698 , 20.2012,16.4491,40752.8203 , 254.8940,53.3153,<LOD,43.7982,0.7590,8280.3926 , 104.7610,5.8060,43688.2070 , 4113.7354,0.1144,910.7662 , 131.2180,0.2758,3241.4312 , 56.2788,1.4252,304222.2500 , 819.2076,30.7338,7,420.399994,39.001785,-122.662025,10.000000,529265.437500,4317029.000000,
34,Mining,120.54,30.16,30.11,30.15,27.72,"Thu Apr 2, 2026 - 14:31:50",User,1.5,ppm,,,,,,Mining,<LOD,1.4638,0.6306,<LOD,1.4811,0.2427,<LOD,3.0722,0.0984,414325.5000 , 6557.0591,<LOD,1.3669,0.1344,<LOD,2.1995,1.1215,<LOD,55.2225,11.8260,125.6698 , 6.2717,3.2998,11.1797 , 2.8977,0.3380,31840.1621 , 175.5099,74.1045,<LOD,0.0000,0.0000,<LOD,2.8655,0.2115,425.5298 , 27.1838,1.1581,<LOD,1.0249,4.2646,5.1943 , 0.5811,2.8716,<LOD,7.6794,0.2722,8.2127 , 1.0423,0.3311,<LOD,1.3024,0.4460,34.1691 , 1.1103,1.7863,<LOD,0.0000,0.0000,<LOD,4.2095,3.5382,<LOD,0.8534,0.1985,21.9125 , 2.3610,3.1886,286.0090 , 1.7590,16.5578,<LOD,0.0000,0.0000,2.7182 , 0.7643,0.3013,6733.0679 , 52.7917,22.4050,2.7309 , 1.0177,0.5482,182.9548 , 14.0734,3.9197,<LOD,7.2181,0.2029,15.6087 , 0.7098,2.3324,46.3024 , 2.8395,0.6178,108.6602 , 1.2958,12.1513,140045.7969 , 2651.3818,3.0054,430.0464 , 21.2704,16.2334,43417.3047 , 272.4939,54.8494,<LOD,47.3295,0.7745,8429.9004 , 109.1634,5.7414,42429.3711 , 4390.6016,0.1128,1009.7509 , 140.0262,0.2763,4783.9116 , 70.1860,1.9394,305278.4062 , 852.7294,30.0205,7,424.000000,39.001713,-122.662064,10.000000,529261.562500,4317021.000000,
35,Mining,120.53,30.29,30.07,30.10,30.07,"Thu Apr 2, 2026 - 15:06:11",User,1.5,ppm,,,,,,Mining,<LOD,1.7936,0.5329,<LOD,1.6884,0.1849,<LOD,3.8262,0.0882,724975.4375 , 4296.7148,<LOD,1.7039,0.1202,<LOD,2.7849,1.0215,<LOD,59.5170,7.7717,82.5126 , 5.4779,1.9308,12.7872 , 3.5683,0.2931,29301.2461 , 120.7078,48.9390,<LOD,0.0000,0.0000,<LOD,3.3402,0.1694,475.5412 , 32.6353,0.9465,<LOD,1.1813,3.3228,1.6253 , 0.6505,2.1240,<LOD,9.1172,0.2429,5.5802 , 1.1691,0.2392,<LOD,1.6826,0.4226,34.0851 , 1.2418,1.3119,<LOD,0.0000,0.0000,<LOD,5.3098,3.2115,<LOD,1.0466,0.1705,<LOD,4.2694,2.5125,283.6090 , 1.6997,11.9454,<LOD,0.0000,0.0000,2.9751 , 0.9295,0.2510,4728.0068 , 39.3819,11.3208,<LOD,2.5149,0.4078,118.0873 , 11.6024,2.0054,<LOD,9.0090,0.1814,15.3134 , 0.8142,1.7897,34.2217 , 3.1448,0.4346,111.1483 , 1.4040,9.0816,33810.9570 , 1383.2650,0.7715,283.7169 , 25.4880,12.4155,31720.6504 , 198.1621,27.8623,<LOD,47.9770,0.5998,5693.4595 , 90.2062,2.8391,6357.5078 , 3109.0435,0.0376,552.6064 , 109.4003,0.1183,<LOD,44.4960,0.2328,161398.9844 , 605.5896,9.4838,10,430.899994,39.000736,-122.662956,10.000000,529185.062500,4316912.500000,
36,Mining,120.45,30.13,30.08,30.14,28.30,"Thu Apr 2, 2026 - 15:10:14",User,1.5,ppm,,,,,,Mining,1.3574 , 0.9217,0.6566,<LOD,1.3942,0.2293,<LOD,3.0745,0.1096,683656.6875 , 3662.2314,<LOD,1.3200,0.1383,2.7420 , 1.4246,1.2664,<LOD,52.7971,11.8753,93.3426 , 4.9289,2.7784,<LOD,5.4331,0.3252,30599.9629 , 119.7184,74.6960,<LOD,0.0000,0.0000,<LOD,2.6832,0.2125,521.6285 , 28.1701,1.3729,<LOD,0.9800,4.4142,<LOD,0.9335,2.8557,<LOD,7.2912,0.2646,6.8161 , 1.0004,0.3372,1.1859 , 0.8473,0.4972,30.4929 , 1.0227,1.7027,<LOD,0.0000,0.0000,<LOD,4.3074,3.5720,<LOD,0.8083,0.1914,<LOD,4.9559,2.7499,250.8444 , 1.4236,15.3951,<LOD,0.0000,0.0000,2.9859 , 0.7457,0.3217,4744.2334 , 35.9573,16.4971,<LOD,1.6216,0.5258,138.0143 , 10.6144,2.9827,<LOD,7.0433,0.2125,13.4084 , 0.6764,2.3674,36.6414 , 2.6402,0.5881,91.1967 , 1.1388,11.2929,54638.4062 , 1265.4905,1.2164,115.6445 , 17.9371,12.0020,31944.4746 , 186.9828,40.9852,<LOD,38.2999,0.6926,5923.5425 , 82.0442,4.1467,15011.4951 , 2808.5750,0.0570,444.8992 , 94.6681,0.1608,330.7927 , 27.4513,0.3766,171399.2188 , 553.9750,14.8542,7,438.299988,39.000729,-122.662987,10.000000,529182.187500,4316911.500000,
37,Mining,120.30,30.07,30.14,30.01,30.08,"Thu Apr 2, 2026 - 15:12:48",User,1.5,ppm,,,,,,Mining,<LOD,1.6822,0.6086,<LOD,1.7413,0.2269,<LOD,3.7549,0.1014,669566.9375 , 4232.3379,<LOD,1.7022,0.1429,<LOD,2.5584,1.1197,<LOD,60.9539,9.9744,90.2042 , 5.4562,2.3497,10.4993 , 3.4056,0.3190,32295.1250 , 127.7484,62.7998,<LOD,0.0000,0.0000,<LOD,5.1185,0.2187,563.1766 , 32.9618,1.1884,<LOD,1.1765,3.9269,4.0036 , 0.6552,2.5712,<LOD,9.2226,0.2916,9.8212 , 1.2339,0.3185,<LOD,1.5058,0.4358,35.7769 , 1.2370,1.5534,<LOD,0.0000,0.0000,<LOD,4.8287,3.4459,<LOD,0.9975,0.1823,<LOD,4.8331,2.6813,297.5948 , 1.7241,14.3580,<LOD,0.0000,0.0000,2.3795 , 0.9202,0.2886,4976.9536 , 39.3104,13.8552,<LOD,1.9793,0.4664,132.9865 , 11.6213,2.4740,<LOD,8.4553,0.1903,17.3481 , 0.8211,2.1628,39.0038 , 3.1163,0.5102,115.1793 , 1.4063,10.7522,49895.9531 , 1473.4199,1.1138,231.9746 , 22.8904,12.7428,35361.3477 , 204.0170,36.5049,<LOD,45.3260,0.6840,6289.8267 , 90.5756,3.6045,7349.2896 , 2939.9944,0.0423,575.9958 , 108.0298,0.1487,197.4014 , 30.5068,0.3214,191941.1719 , 607.4941,13.6634,6,434.500000,39.000793,-122.662987,10.000000,529182.125000,4316918.500000,
38,Mining,120.24,30.11,30.27,30.09,29.77,"Thu Apr 2, 2026 - 15:20:21",User,1.5,ppm,,,,,,Mining,32.7020 , 4.7230,0.2185,<LOD,18.8087,0.2725,<LOD,37.6466,0.0787,121983.9453 , 17772.6992,<LOD,11.7770,0.0935,<LOD,6.9126,0.1508,<LOD,459.7066,236.3137,9330.2861 , 73.5847,89.5902,1672.8291 , 60.1690,1.5941,851802.0000 , 1112.7184,1593.1033,<LOD,0.0000,0.0000,<LOD,21.4783,0.1463,2868.6350 , 118.9023,11.2580,4224.1084 , 24.3975,52.2567,<LOD,4.9307,0.8109,1428.7385 , 146.1883,0.8974,150.7782 , 15.9425,0.7228,<LOD,6.4096,0.0820,10.4628 , 1.8820,0.0796,<LOD,0.0000,0.0000,<LOD,14.3998,0.5683,<LOD,6.7546,0.1119,185.5494 , 9.4267,0.7552,<LOD,2.3565,0.1436,<LOD,0.0000,0.0000,<LOD,16.9259,-1.0058,<LOD,187.9503,1.7792,<LOD,4.9362,-0.0540,32.3078 , 24.3614,1.7860,<LOD,0.0000,0.1846,<LOD,4.0638,0.2664,<LOD,23.4708,0.1965,<LOD,3.3618,0.4376,<LOD,1499.7988,0.0529,168.0196 , 67.0899,1.7441,<LOD,172.3765,0.7460,<LOD,33.8552,0.5309,<LOD,212.5300,0.7465,<LOD,13261.7314,0.0234,<LOD,112.4120,0.0860,<LOD,70.9888,1.1362,6109.6831 , 134.4745,0.4581,6,439.000000,39.000805,-122.662872,10.000000,529192.125000,4316920.000000,
47,Mining,30.23,29.34,,,,"Thu Apr 2, 2026 - 17:30:45",User,1.5,ppm,,,,,,Mining,507.3811 , 431.0114,12.3983,<LOD,16.9898,0.2245,<LOD,27.8246,0.0701,123268.8125 , 15327.0908,<LOD,11.6541,0.0868,<LOD,37.5983,5.1442,<LOD,477.3730,237.6884,8860.5635 , 108.6230,23.2771,1653.2716 , 62.5412,1.6330,857161.2500 , 644.1116,1607.3419,<LOD,0.0000,0.0000,<LOD,22.0594,0.1465,2875.2847 , 123.5481,11.3833,4117.3174 , 24.9455,51.2486,<LOD,4.9990,0.7839,1431.8171 , 150.5628,0.9008,44.2117 , 14.0535,0.5325,<LOD,34.6279,5.9890,7.8507 , 2.0251,0.0691,<LOD,0.0000,0.0000,<LOD,58.4439,5.8092,<LOD,7.4187,0.1352,72.2483 , 29.0939,6.7123,<LOD,2.4893,0.1521,<LOD,0.0000,0.0000,<LOD,16.1152,-0.8714,<LOD,375.9016,1.5105,<LOD,3.3943,-0.0267,<LOD,200.3327,1.4923,<LOD,0.0000,0.2083,<LOD,4.3680,0.3004,<LOD,23.3185,0.1836,<LOD,4.1474,0.4646,,,,,,,,,,,,,,,,,,,,,,,,,,,,,,,,,,
48,Mining,120.41,30.04,30.30,30.04,27.63,"Thu Apr 2, 2026 - 18:12:01",User,1.5,ppm,,,,,,Mining,<LOD,1.4355,0.6545,<LOD,1.4654,0.2642,<LOD,3.0599,0.1022,438735.2812 , 5680.6392,<LOD,1.3481,0.1370,<LOD,2.1669,1.1766,<LOD,52.4644,10.9423,123.2390 , 5.6981,3.3329,11.1571 , 2.8687,0.3461,29432.6309 , 146.1252,69.0347,<LOD,0.0000,0.0000,2.7493 , 1.9054,0.2363,479.7595 , 27.7830,1.2420,<LOD,1.0226,4.4771,5.1742 , 0.5867,3.0779,<LOD,7.3008,0.2588,5.8095 , 0.9868,0.3105,<LOD,1.2770,0.4626,40.3218 , 1.1640,2.0973,<LOD,0.0000,0.0000,<LOD,4.1372,3.6912,<LOD,0.8563,0.2106,20.0510 , 2.3125,3.3031,284.6000 , 1.6476,16.8113,<LOD,0.0000,0.0000,4.4561 , 0.7821,0.3452,7742.5952 , 50.0615,25.9289,3.5777 , 1.0326,0.5902,203.1620 , 13.4520,4.4624,<LOD,7.0812,0.2039,25.2427 , 0.7883,3.0494,73.0192 , 3.2057,0.8244,114.7287 , 1.2797,12.8560,130662.8906 , 2348.7520,2.8118,468.5942 , 20.9957,17.3501,30722.5039 , 200.9366,38.1938,<LOD,46.7485,0.7649,8533.9160 , 99.4871,5.6285,23733.7617 , 3680.3191,0.0803,1029.9972 , 142.2283,0.2857,5904.2153 , 75.3538,2.2748,321636.5938 , 798.6618,31.2806,8,406.700012,39.001621,-122.662422,10.000000,529230.750000,4317010.500000,
49,Mining,120.18,30.10,30.24,30.07,29.77,"Fri Apr 3, 2026 - 09:19:33",User,1.5,ppm,,,,,,Mining,<LOD,1.4104,0.6580,<LOD,1.4071,0.2567,<LOD,2.9418,0.1037,447531.6562 , 5678.5195,<LOD,1.2935,0.1377,<LOD,2.1505,1.2161,<LOD,49.9090,10.6908,140.0122 , 5.8837,3.4892,10.4943 , 2.7586,0.3491,28323.1074 , 144.4151,67.4806,<LOD,0.0000,0.0000,<LOD,3.3218,0.2178,393.3969 , 25.5395,1.1298,<LOD,0.9976,4.6955,3.9717 , 0.5654,3.1149,<LOD,7.2855,0.2990,7.3867 , 0.9723,0.3300,<LOD,1.2385,0.4520,39.3571 , 1.1154,2.0975,<LOD,0.0000,0.0000,<LOD,4.0272,3.6444,<LOD,0.7827,0.1874,15.2256 , 2.2303,3.1709,276.7334 , 1.5935,16.7084,<LOD,0.0000,0.0000,2.9700 , 0.7320,0.3214,6717.1045 , 47.7028,22.7806,3.5910 , 0.9866,0.5916,203.1898 , 13.1056,4.0798,<LOD,6.6911,0.1982,32.8466 , 0.8174,3.5808,71.1517 , 3.0662,0.8223,109.9713 , 1.2217,12.6801,131218.5312 , 2357.5784,2.8248,408.1101 , 20.2055,16.5006,38306.3984 , 231.6228,48.8934,<LOD,46.3129,0.7744,7308.3599 , 94.9141,5.0432,28224.4961 , 3828.3652,0.0893,872.7065 , 136.7988,0.2693,5887.6074 , 75.2141,2.3372,303891.6250 , 799.5690,30.0024,7,433.000000,39.001328,-122.662476,10.000000,529226.375000,4316978.000000,
50,Mining,120.24,30.05,30.05,30.07,30.07,"Fri Apr 3, 2026 - 09:22:10",User,1.5,ppm,,,,,,Mining,<LOD,1.3676,0.6694,<LOD,1.3799,0.2652,<LOD,2.7513,0.0997,437260.3750 , 5311.7900,<LOD,1.2574,0.1434,<LOD,2.0764,1.2213,<LOD,46.1473,9.7520,130.7582 , 5.5676,3.4916,8.7022 , 2.6510,0.3545,24897.0645 , 131.6659,62.0983,<LOD,0.0000,0.0000,<LOD,4.2667,0.2483,326.1255 , 23.8300,1.0480,<LOD,0.9712,4.9211,5.3894 , 0.5566,3.3578,<LOD,6.7042,0.2794,8.3974 , 0.9694,0.3624,<LOD,1.2244,0.4796,42.8540 , 1.1228,2.3728,<LOD,0.0000,0.0000,<LOD,3.9317,3.7543,<LOD,0.7527,0.1915,16.0949 , 2.1926,3.3342,276.5755 , 1.5641,17.7707,<LOD,0.0000,0.0000,3.7272 , 0.7275,0.3592,7233.2861 , 48.3200,25.7061,2.6779 , 0.9552,0.6118,197.7287 , 12.9019,4.4704,<LOD,7.1513,0.2499,30.0208 , 0.7852,3.6481,143.6621 , 3.8811,1.4424,117.2025 , 1.2256,14.0480,141372.8281 , 2209.7578,3.0353,406.9612 , 19.8372,17.3537,33902.9727 , 211.9034,44.9129,<LOD,43.8283,0.7899,7798.8154 , 94.2037,5.5085,27947.6621 , 3510.0032,0.0889,1060.4979 , 135.7600,0.3083,5287.3618 , 68.1988,2.1823,311522.2812 , 785.8259,32.0083,5,429.500000,38.999424,-122.663208,10.000000,529163.812500,4316766.500000,
51,Mining,120.73,30.23,30.13,30.26,28.30,"Fri Apr 3, 2026 - 09:24:51",User,1.5,ppm,,,,,,Mining,<LOD,1.3753,0.6447,<LOD,1.5187,0.2891,<LOD,3.0312,0.1074,427720.0312 , 5345.6782,<LOD,1.3006,0.1362,<LOD,2.1048,1.1929,<LOD,52.0095,11.5329,147.2806 , 6.1582,3.7313,11.0960 , 2.8155,0.3559,29912.9414 , 144.4921,72.4495,<LOD,0.0000,0.0000,6.7797 , 1.9542,0.2763,176.4987 , 22.0275,0.8269,<LOD,1.2161,4.9333,6.1854 , 0.5765,3.1700,<LOD,7.2730,0.2748,9.8699 , 1.0589,0.3835,<LOD,1.2577,0.4840,49.1626 , 1.2319,2.5503,<LOD,0.0000,0.0000,<LOD,4.0251,3.7499,<LOD,0.8267,0.2080,14.6258 , 2.2356,3.2991,291.1954 , 1.6377,17.7760,<LOD,0.0000,0.0000,6.6964 , 0.8018,0.4092,7750.0166 , 51.5862,26.7911,3.1662 , 1.0271,0.6234,231.7803 , 14.2553,4.7575,<LOD,6.5209,0.1843,17.4548 , 0.7299,2.7606,20.7360 , 2.3012,0.4533,132.5375 , 1.3284,14.6983,156436.5625 , 2352.8545,3.3441,438.9993 , 20.3815,17.5007,25415.5508 , 189.9006,32.3009,<LOD,46.7107,0.7852,7900.1797 , 100.9541,5.3463,10460.5254 , 3210.4910,0.0630,1145.0306 , 146.9236,0.3161,18516.6934 , 128.4833,6.7656,313178.3750 , 778.3790,31.2345,5,422.399994,39.001209,-122.662483,10.000000,529225.687500,4316965.000000,
52,Mining,120.33,30.00,30.08,30.08,30.17,"Fri Apr 3, 2026 - 09:27:26",User,1.5,ppm,,,,,,Mining,<LOD,1.4040,0.6791,<LOD,1.4716,0.2837,<LOD,3.0476,0.1098,407452.8125 , 5845.1714,<LOD,1.3474,0.1474,<LOD,2.0712,1.1562,<LOD,51.4314,11.2404,131.5584 , 5.9728,3.5526,10.8712 , 2.7925,0.3529,28656.3125 , 155.8160,70.2146,<LOD,0.0000,0.0000,3.6885 , 1.8770,0.2511,306.7458 , 24.4453,1.0203,<LOD,0.9979,4.7434,6.0331 , 0.5613,3.1398,<LOD,7.1948,0.2734,7.5783 , 0.9995,0.3437,<LOD,1.2269,0.4617,43.3855 , 1.1705,2.2980,<LOD,0.0000,0.0000,<LOD,4.0352,3.8292,<LOD,0.8165,0.2025,10.4153 , 2.2064,3.2125,289.6449 , 1.7046,17.9507,<LOD,0.0000,0.0000,3.8943 , 0.7720,0.3575,7104.2480 , 51.3613,24.9151,<LOD,2.1676,0.5737,198.4163 , 13.6057,4.3764,<LOD,6.6454,0.1933,19.5377 , 0.7365,2.8412,31.3384 , 2.4916,0.5357,118.1567 , 1.2954,13.7677,155648.7812 , 2451.6680,3.3325,420.0589 , 20.2490,17.2565,34434.5391 , 228.4428,44.9711,<LOD,45.6454,0.7901,7723.8188 , 99.4476,5.4051,29232.2988 , 3778.4358,0.0946,1007.8850 , 137.7681,0.2922,12735.6406 , 107.0597,4.8643,314402.3750 , 828.4271,32.2479,6,441.700012,39.001419,-122.662460,10.000000,529227.937500,4316988.000000,
53,Mining,120.35,30.02,30.08,30.18,29.18,"Fri Apr 3, 2026 - 09:30:15",User,1.5,ppm,,,,,,Mining,<LOD,1.4083,0.6422,<LOD,1.5037,0.2601,<LOD,3.1278,0.1104,424979.4688 , 5599.1357,<LOD,1.3204,0.1355,<LOD,2.1511,1.1884,<LOD,52.2558,11.1499,143.7253 , 5.9705,3.6586,7.0523 , 2.7651,0.3307,29001.0020 , 146.4374,69.8230,<LOD,0.0000,0.0000,5.4464 , 1.9662,0.2671,160.7458 , 22.0490,0.7922,<LOD,1.0441,4.8354,5.9566 , 0.5833,3.1339,<LOD,7.3399,0.2722,10.6552 , 1.0824,0.3874,<LOD,1.2881,0.4820,47.8204 , 1.2476,2.5094,<LOD,0.0000,0.0000,<LOD,4.0894,3.7078,<LOD,0.8529,0.2139,19.9499 , 2.2748,3.2637,288.5062 , 1.6666,17.5904,<LOD,0.0000,0.0000,4.1069 , 0.7761,0.3549,7695.5869 , 51.0632,26.5066,4.7425 , 1.0628,0.6459,224.2719 , 13.8432,4.6847,<LOD,6.7658,0.1917,15.6385 , 0.7245,2.6216,19.3166 , 2.3112,0.4407,128.2280 , 1.3347,14.3071,156711.7344 , 2449.3406,3.3506,445.0291 , 20.5898,17.0584,23226.8730 , 179.2355,29.2478,<LOD,48.3127,0.7941,7833.1309 , 98.4457,5.2276,13205.3428 , 3391.4905,0.0680,1136.5835 , 149.8735,0.3127,18415.6738 , 131.1948,6.6335,316263.3750 , 805.6614,31.2143,5,442.500000,39.001331,-122.662476,10.000000,529226.062500,4316978.500000,
54,Mining,120.34,30.08,30.11,30.12,30.03,"Fri Apr 3, 2026 - 09:33:56",User,1.5,ppm,,,,,,Mining,<LOD,1.6097,0.6337,<LOD,1.6320,0.2674,<LOD,3.3970,0.1035,390021.6250 , 7069.1465,<LOD,1.5977,0.1580,<LOD,2.3989,1.1042,<LOD,59.0440,11.8912,124.4543 , 6.3691,3.2415,15.1621 , 3.1550,0.3457,34797.6953 , 187.2651,76.1517,<LOD,0.0000,0.0000,5.6683 , 2.1413,0.2479,647.4224 , 32.0173,1.4241,<LOD,1.3985,4.2671,6.8355 , 0.6313,2.8801,<LOD,8.4036,0.2861,8.2974 , 1.1060,0.3199,<LOD,1.4549,0.4640,44.8350 , 1.2950,2.1054,<LOD,0.0000,0.0000,<LOD,4.6358,3.5664,<LOD,0.9264,0.1998,17.9071 , 2.5683,3.1137,310.2035 , 1.9013,16.6071,<LOD,0.0000,0.0000,1.9866 , 0.8579,0.3105,6754.2026 , 52.7969,21.2689,4.7072 , 1.1358,0.5823,197.4559 , 14.1978,3.8050,<LOD,7.7380,0.2008,22.6146 , 0.8221,2.6750,53.0104 , 3.0918,0.6316,120.2450 , 1.4078,12.2519,140168.2500 , 2778.5359,3.0110,498.0812 , 23.5577,16.6136,45308.3945 , 274.1787,54.3152,<LOD,51.5043,0.8968,8572.3613 , 108.9964,5.5442,40769.0781 , 4475.1602,0.1110,986.9503 , 142.1075,0.2746,6636.6719 , 80.1191,2.4492,323905.8750 , 842.8330,30.7717,5,445.600006,39.001209,-122.662376,10.000000,529234.812500,4316965.000000,
55,Mining,120.43,30.08,30.24,30.05,28.26,"Fri Apr 3, 2026 - 09:36:29",User,1.5,ppm,,,,,,Mining,<LOD,1.5702,0.6208,<LOD,1.6020,0.2509,<LOD,3.2979,0.0990,399639.3125 , 7116.2891,<LOD,1.3945,0.1222,<LOD,2.3392,1.0774,<LOD,58.5766,11.9342,141.2419 , 6.7838,3.3738,11.3029 , 3.0380,0.3259,35102.1406 , 186.8875,76.1924,<LOD,0.0000,0.0000,<LOD,4.7534,0.2239,643.7333 , 31.5736,1.4117,1.0979 , 0.7360,4.3127,7.0515 , 0.6232,2.8642,<LOD,8.3803,0.2910,9.4116 , 1.1210,0.3342,<LOD,1.4297,0.4620,44.8107 , 1.2665,2.0597,<LOD,0.0000,0.0000,<LOD,4.5472,3.5189,<LOD,0.9219,0.2027,17.1276 , 2.5272,3.1051,310.8081 , 1.8833,16.4773,<LOD,0.0000,0.0000,4.8743 , 0.8246,0.3234,7058.6909 , 55.5580,21.9824,3.0062 , 1.0859,0.5435,198.5032 , 14.9954,3.8830,<LOD,7.8525,0.2106,22.1066 , 0.8085,2.6306,53.7713 , 3.0685,0.6324,124.2046 , 1.4093,12.4211,135673.9219 , 2825.2136,2.9155,498.3743 , 23.2138,16.5934,46743.0391 , 285.8647,55.6695,<LOD,51.7561,0.8616,8989.0850 , 115.5825,5.7766,40681.1367 , 4591.6147,0.1097,956.1195 , 145.9989,0.2749,5813.6382 , 77.0777,2.1673,317251.4688 , 847.6054,29.8585,5,443.700012,39.001320,-122.662392,10.000000,529233.437500,4316977.500000,
56,Mining,120.55,30.19,30.04,30.13,29.25,"Fri Apr 3, 2026 - 09:39:09",User,1.5,ppm,,,,,,Mining,<LOD,1.5311,0.6028,<LOD,1.6421,0.2696,<LOD,3.4347,0.1076,390648.8125 , 6996.6006,<LOD,1.5658,0.1541,<LOD,2.3374,1.1069,<LOD,59.1534,12.1784,131.1544 , 6.5934,3.2948,12.0238 , 3.0659,0.3315,35225.2734 , 188.0970,77.3392,<LOD,0.0000,0.0000,4.7762 , 2.1330,0.2474,656.1874 , 31.9426,1.4447,1.1907 , 0.7389,4.3359,5.8365 , 0.6167,2.7860,<LOD,8.4730,0.2975,9.6062 , 1.1296,0.3390,<LOD,1.4095,0.4596,45.7463 , 1.2846,2.1181,<LOD,0.0000,0.0000,<LOD,4.5190,3.5770,<LOD,0.9245,0.2005,17.1200 , 2.4992,3.1115,314.3558 , 1.9058,16.8444,<LOD,0.0000,0.0000,3.3521 , 0.8665,0.3333,6823.0630 , 54.2586,21.5469,2.6731 , 1.0973,0.5508,199.9832 , 14.6852,3.8544,<LOD,7.9017,0.2129,21.7186 , 0.8110,2.6420,56.8595 , 3.1346,0.6594,122.9273 , 1.4131,12.4908,141706.4531 , 2795.6543,3.0416,519.8510 , 23.0820,16.9032,45847.3477 , 281.1024,55.0255,<LOD,52.7161,0.9200,8828.6553 , 113.3983,5.7241,37747.6406 , 4437.8301,0.1053,1002.3914 , 143.9442,0.2765,5944.7803 , 77.1387,2.2251,324100.2188 , 849.7334,30.9511,4,447.600006,39.001362,-122.662483,10.000000,529225.500000,4316982.000000,
57,Mining,120.29,30.06,30.01,30.13,29.21,"Fri Apr 3, 2026 - 09:42:27",User,1.5,ppm,,,,,,Mining,<LOD,1.4371,0.6693,<LOD,1.5560,0.3152,<LOD,3.0667,0.1082,412683.5000 , 5801.3154,<LOD,1.3378,0.1417,<LOD,2.1438,1.1757,<LOD,49.6358,10.0257,132.9840 , 6.0353,3.4162,10.5914 , 2.8111,0.3483,26742.5879 , 142.1500,63.1241,<LOD,0.0000,0.0000,<LOD,3.8433,0.2291,362.6240 , 25.4584,1.0627,<LOD,1.0153,4.6590,5.8026 , 0.6033,3.4295,<LOD,7.4230,0.3067,9.4044 , 1.0422,0.3651,<LOD,1.2892,0.4815,49.1134 , 1.2376,2.5283,<LOD,0.0000,0.0000,<LOD,4.0466,3.5820,<LOD,0.8459,0.2148,13.0445 , 2.2435,3.1347,258.8634 , 1.5620,15.6531,<LOD,0.0000,0.0000,4.9052 , 0.7875,0.3731,7964.3730 , 53.8341,26.8089,4.7034 , 1.0203,0.6100,202.1689 , 14.2625,4.5712,<LOD,6.8652,0.2010,50.7164 , 0.9679,4.8088,29.0712 , 2.4574,0.5077,127.5035 , 1.3040,13.7642,143840.1562 , 2417.2778,3.0859,441.9949 , 20.5590,16.9094,31647.4961 , 215.3760,39.5444,<LOD,46.7428,0.7804,8815.6514 , 105.9686,5.8385,25788.4805 , 3683.1831,0.0847,1107.0864 , 144.4673,0.3030,6249.4727 , 76.9665,2.4128,333457.6875 , 825.4500,33.1112,6,438.000000,39.001301,-122.662422,10.000000,529230.687500,4316975.000000,
58,Mining,120.34,30.06,30.25,30.02,30.01,"Fri Apr 3, 2026 - 09:45:46",User,1.5,ppm,,,,,,Mining,<LOD,1.3229,0.6799,<LOD,1.4408,0.3100,<LOD,2.7074,0.0987,416396.3750 , 5294.4741,<LOD,1.1907,0.1316,<LOD,2.0058,1.2386,<LOD,46.6995,10.3061,126.3185 , 5.7506,3.5276,7.0209 , 2.5563,0.3372,25637.9062 , 136.2741,64.6630,<LOD,0.0000,0.0000,<LOD,3.9791,0.2429,345.9610 , 23.8460,1.0822,<LOD,0.9423,4.7672,5.1416 , 0.5543,3.4275,<LOD,6.5690,0.2646,9.7035 , 0.9811,0.3804,<LOD,1.1696,0.4739,44.9276 , 1.1267,2.4677,<LOD,0.0000,0.0000,<LOD,3.7991,3.8263,<LOD,0.7539,0.2001,15.1808 , 2.1036,3.3203,237.0848 , 1.4325,15.4385,<LOD,0.0000,0.0000,3.5552 , 0.6983,0.3429,7757.0874 , 51.9177,27.8870,2.3926 , 0.9162,0.5763,192.8966 , 13.6148,4.7366,<LOD,6.4579,0.2089,39.2875 , 0.8444,4.3108,28.3213 , 2.3114,0.5259,112.6303 , 1.1814,13.3199,147411.0312 , 2228.6255,3.1636,372.1335 , 18.9313,16.9411,30499.9902 , 207.5799,40.6527,<LOD,43.7933,0.7948,8691.7891 , 102.4050,6.1179,28987.0332 , 3515.0750,0.0912,1178.0874 , 140.1200,0.3328,4501.3242 , 63.7737,1.9144,327396.8125 , 811.7002,34.2888,6,437.899994,39.001568,-122.662422,10.000000,529230.875000,4317005.000000,
59,Mining,120.26,30.10,30.06,30.03,28.27,"Fri Apr 3, 2026 - 09:48:33",User,1.5,ppm,,,,,,Mining,<LOD,1.3924,0.6237,<LOD,1.5147,0.2992,<LOD,2.9501,0.1011,404782.5625 , 6092.7188,<LOD,1.3080,0.1369,<LOD,2.1462,1.1746,<LOD,50.1888,10.4080,130.5468 , 5.9043,3.4179,7.3285 , 2.7078,0.3265,27066.7500 , 151.4797,64.7532,<LOD,0.0000,0.0000,<LOD,2.7174,0.2214,384.0261 , 25.7309,1.1018,<LOD,0.9945,4.5363,4.6477 , 0.5817,3.2275,<LOD,7.0848,0.2653,8.9125 , 1.0213,0.3545,<LOD,1.2311,0.4350,44.8811 , 1.1809,2.3237,<LOD,0.0000,0.0000,<LOD,4.0919,3.6777,<LOD,0.8175,0.2022,15.5229 , 2.2700,3.2144,257.4657 , 1.5931,15.7442,<LOD,0.0000,0.0000,3.8351 , 0.7572,0.3428,7506.5869 , 52.7934,25.5953,1.8118 , 0.9626,0.5474,195.4731 , 13.7155,4.4003,<LOD,7.0603,0.2156,42.7485 , 0.9106,4.2919,33.8609 , 2.5389,0.5473,116.6736 , 1.2719,13.0744,149123.1406 , 2557.6980,3.1968,395.6546 , 20.5305,16.5753,33090.8711 , 223.6235,42.0899,<LOD,48.6088,0.8062,8526.7139 , 103.4979,5.7577,31537.2578 , 3970.1248,0.0953,943.7338 , 143.3688,0.2810,4694.3174 , 70.2055,1.9081,331084.6562 , 875.0464,33.2452,6,431.500000,39.001217,-122.662529,10.000000,529221.937500,4316966.000000,
60,Mining,123.93,33.74,30.02,30.04,30.13,"Fri Apr 3, 2026 - 09:51:48",User,1.5,ppm,,,,,,Mining,<LOD,2.3555,0.6547,<LOD,0.0681,0.0010,<LOD,0.1057,0.0001,966.4154,,<LOD,0.0391,-0.0001,<LOD,3.6091,1.2232,47.2277 , 3.5322,0.0961,239.2585 , 13.6072,3.6630,<LOD,1.3544,0.0365,<LOD,10.4949,0.1599,<LOD,0.0000,0.0000,<LOD,0.4571,0.0044,462.7880 , 27.1483,0.7846,<LOD,0.0029,0.0000,<LOD,0.0024,-0.0000,8.3943 , 1.8709,0.0648,<LOD,0.0144,-0.0001,<LOD,2.0728,0.4512,<LOD,0.0035,-0.0001,<LOD,0.0000,0.0000,<LOD,6.7538,3.6652,<LOD,0.0565,0.0006,32.2032 , 3.7958,3.3069,<LOD,0.0035,-0.0000,<LOD,0.0000,0.0000,<LOD,0.0261,-0.0001,12058.9189 , 262.3119,25.1020,<LOD,0.0252,-0.0000,357.9973 , 29.3655,4.4644,<LOD,1.8452,0.0145,<LOD,0.0024,-0.0000,<LOD,0.6949,0.0183,<LOD,0.0029,-0.0000,401828.5625 , 2111.0337,3.4489,918.1992 , 491.4416,16.7904,76173.8594 , 1258.0216,50.9992,<LOD,86.0045,0.8744,13221.8623 , 271.1537,5.7991,61194.7188 , 5705.0879,0.0998,2104.3992 , 245.8395,0.2959,18306.8926 , 324.4357,4.8072,412078.3125 , 3506.8320,34.3696,6,430.799988,39.001385,-122.662445,10.000000,529228.687500,4316984.500000,
61,Mining,120.33,30.01,30.04,30.18,28.60,"Fri Apr 3, 2026 - 09:54:32",User,1.5,ppm,,,,,,Mining,<LOD,1.4205,0.6895,<LOD,1.6442,0.3505,<LOD,3.0382,0.1048,392663.9062 , 6398.5078,<LOD,1.4104,0.1560,<LOD,2.1459,1.2463,<LOD,53.0622,11.8216,145.7094 , 6.2133,3.8108,11.1651 , 2.8352,0.3502,30829.3359 , 165.5359,74.5120,<LOD,0.0000,0.0000,6.5930 , 2.0086,0.2799,255.3385 , 23.5945,0.9363,<LOD,1.3028,4.7997,7.2263 , 0.5853,3.2286,<LOD,7.4945,0.2845,11.7974 , 1.0963,0.4010,<LOD,1.2641,0.4875,51.6217 , 1.2507,2.5888,<LOD,0.0000,0.0000,<LOD,4.0690,3.8624,<LOD,0.8543,0.2186,18.6122 , 2.2570,3.3737,190.5338 , 1.3489,11.7220,<LOD,0.0000,0.0000,4.1696 , 0.8038,0.3727,8734.5596 , 57.5184,30.0632,1.7179 , 0.9452,0.5122,254.6238 , 14.8893,5.2759,<LOD,7.0131,0.2077,24.5454 , 0.7928,3.1815,22.9258 , 2.3678,0.4658,132.5569 , 1.3136,13.4334,162922.4531 , 2682.4470,3.4776,439.3305 , 20.4734,17.4893,10961.9189 , 129.1943,13.8397,<LOD,50.5639,0.8288,8777.8848 , 107.5378,5.6621,29809.9297 , 3901.4590,0.0926,1429.3685 , 164.7260,0.3626,6855.2124 , 83.5803,2.5533,345436.9688 , 904.5389,33.6041,7,430.000000,39.001320,-122.662521,10.000000,529222.312500,4316977.000000,
62,Mining,120.30,30.07,30.01,30.14,29.19,"Fri Apr 3, 2026 - 09:58:05",User,1.5,ppm,,,,,,Mining,<LOD,1.5531,0.6250,<LOD,1.5573,0.2517,<LOD,3.3531,0.1068,381090.6875 , 7008.9907,<LOD,1.4309,0.1342,<LOD,2.3264,1.0980,<LOD,56.6926,11.3980,151.2577 , 6.6755,3.5124,14.2268 , 3.0514,0.3420,32359.5332 , 179.7714,71.2312,<LOD,0.0000,0.0000,6.9173 , 2.1478,0.2655,560.8897 , 30.0447,1.2967,1.2988 , 0.7270,4.3978,6.0435 , 0.6158,2.9110,<LOD,8.0628,0.2810,7.8773 , 1.0740,0.3195,<LOD,1.4205,0.4695,44.1067 , 1.2533,2.0929,<LOD,0.0000,0.0000,<LOD,4.5229,3.5928,<LOD,0.9159,0.2071,21.0576 , 2.5308,3.2252,309.2649 , 1.8799,16.8562,<LOD,0.0000,0.0000,4.4127 , 0.8255,0.3308,7454.3374 , 56.4466,23.5294,3.3619 , 1.0907,0.5686,200.2233 , 14.8375,4.0992,<LOD,7.6641,0.2087,29.4042 , 0.8579,3.0981,51.7574 , 3.0075,0.6321,122.4089 , 1.3933,12.6167,144179.3125 , 2805.4612,3.0934,472.5290 , 22.9791,16.6906,43380.6562 , 272.4362,51.9890,<LOD,50.0050,0.8111,8344.8896 , 109.0667,5.3998,39269.5742 , 4449.2983,0.1083,1013.7312 , 142.2755,0.2664,8414.7041 , 91.3664,3.0551,332485.5312 , 868.8975,31.9394,6,433.000000,39.001423,-122.662460,10.000000,529227.625000,4316988.500000,
63,Mining,120.39,30.01,30.05,30.22,30.11,"Fri Apr 3, 2026 - 10:18:19",User,1.5,ppm,,,,,,Mining,<LOD,1.4680,0.6178,<LOD,1.5406,0.2445,<LOD,3.2109,0.0975,440358.5000 , 6282.7720,<LOD,1.4223,0.1322,<LOD,2.2111,1.1081,<LOD,56.7974,11.3961,129.7702 , 6.0510,3.2848,4.8216 , 2.8634,0.2997,32427.0645 , 163.7283,72.8116,<LOD,0.0000,0.0000,<LOD,2.9371,0.2070,580.8843 , 30.6814,1.3535,<LOD,1.0712,4.2507,4.9913 , 0.6055,2.8324,<LOD,7.9601,0.2677,7.2563 , 1.0658,0.3139,<LOD,1.2877,0.4237,39.8702 , 1.2017,1.9403,<LOD,0.0000,0.0000,<LOD,4.1712,3.3680,<LOD,0.9063,0.2049,19.2369 , 2.3338,3.0178,291.7881 , 1.7552,16.2351,<LOD,0.0000,0.0000,3.6158 , 0.8103,0.3140,6482.6333 , 48.4141,20.8983,1.9676 , 1.0487,0.5284,181.9070 , 13.2674,3.7090,<LOD,7.5536,0.2020,19.9183 , 0.7803,2.5704,50.5766 , 3.0056,0.6298,113.4777 , 1.3389,12.1010,123938.0000 , 2485.7644,2.6738,414.9284 , 21.0120,15.4023,42889.0664 , 249.3831,52.2110,<LOD,47.2490,0.7801,8765.7842 , 105.4377,5.7475,34130.8477 , 4161.7114,0.0986,918.0537 , 137.3856,0.2637,5012.1689 , 70.0178,1.9553,303212.8438 , 790.7506,28.6646,7,433.500000,39.001404,-122.662468,10.000000,529226.750000,4316986.500000,
64,Mining,120.50,30.08,30.04,30.24,28.35,"Fri Apr 3, 2026 - 10:21:02",User,1.5,ppm,,,,,,Mining,<LOD,1.4628,0.6038,<LOD,1.5129,0.2366,<LOD,3.2241,0.1016,430512.3438 , 6570.7651,<LOD,1.3999,0.1316,<LOD,2.2252,1.1074,<LOD,58.0104,12.5296,121.8644 , 6.1074,3.2447,10.8754 , 2.9553,0.3291,35274.8750 , 181.6472,80.5051,<LOD,0.0000,0.0000,<LOD,3.9509,0.2166,826.0551 , 33.7687,1.7328,<LOD,1.0570,4.2384,5.0445 , 0.5980,2.8263,<LOD,7.8142,0.2485,8.1131 , 1.0645,0.3222,<LOD,1.2919,0.4205,39.5132 , 1.1917,1.9419,<LOD,0.0000,0.0000,<LOD,4.2124,3.4044,<LOD,0.8505,0.1795,18.6732 , 2.3407,2.9878,283.7196 , 1.7473,15.8157,<LOD,0.0000,0.0000,3.3611 , 0.7952,0.3088,6375.0527 , 49.4156,20.8121,3.1136 , 1.0505,0.5440,180.0057 , 13.4374,3.6928,<LOD,7.3429,0.1964,18.8737 , 0.7617,2.5020,51.3350 , 2.9796,0.6366,107.8843 , 1.3060,11.6404,125762.9453 , 2614.3425,2.7129,420.8503 , 21.1662,15.3813,43029.7344 , 260.6927,53.3328,<LOD,48.3856,0.7789,8950.0723 , 109.1439,5.9543,39974.4961 , 4490.8267,0.1090,928.8450 , 140.1360,0.2637,5241.5293 , 73.5764,2.0585,301850.8750 , 831.6320,29.0144,5,432.700012,39.001324,-122.662384,10.000000,529234.312500,4316977.500000,
65,Mining,120.38,30.01,30.07,30.10,28.99,"Fri Apr 3, 2026 - 10:23:41",User,1.5,ppm,,,,,,Mining,<LOD,1.6230,0.6205,<LOD,1.5245,0.2238,<LOD,3.1838,0.0923,440413.5000 , 6171.7993,<LOD,1.3883,0.1208,<LOD,2.2565,1.0498,<LOD,57.7482,11.3710,131.0795 , 6.3845,3.2351,10.3103 , 3.0130,0.3189,33045.0430 , 159.4926,72.0675,<LOD,0.0000,0.0000,<LOD,4.0859,0.2100,531.0433 , 30.0749,1.2538,<LOD,1.0909,4.2372,4.5680 , 0.6089,2.7385,<LOD,7.9384,0.2486,7.2984 , 1.0739,0.3061,<LOD,1.3384,0.4194,41.0246 , 1.2268,1.9411,<LOD,0.0000,0.0000,<LOD,4.3455,3.3710,<LOD,0.8635,0.1751,16.6745 , 2.4045,2.9206,288.1998 , 1.7266,15.5522,<LOD,0.0000,0.0000,5.0614 , 0.8244,0.3247,6644.6768 , 50.4655,20.8383,3.0943 , 1.0766,0.5345,181.6939 , 14.0423,3.6758,<LOD,7.3814,0.1850,18.8183 , 0.7782,2.4491,42.4362 , 2.8933,0.5605,112.3609 , 1.3339,11.6435,125827.8594 , 2512.4871,2.7123,394.4424 , 21.6161,14.8312,42392.4961 , 252.3417,50.1191,<LOD,48.4927,0.7798,9195.8193 , 112.3520,5.8310,24375.5469 , 3942.5845,0.0822,1077.0094 , 144.1204,0.2797,4859.0581 , 69.8400,1.8517,310380.9062 , 781.9949,28.7021,6,433.700012,39.001312,-122.662483,10.000000,529225.812500,4316976.500000,
66,Mining,120.24,30.00,30.07,30.08,30.09,"Fri Apr 3, 2026 - 10:26:46",User,1.5,ppm,,,,,,Mining,<LOD,1.1857,0.7338,5.2487 , 1.1138,0.6054,<LOD,2.7341,0.1232,594922.2500 , 3208.6528,<LOD,1.1779,0.1568,<LOD,1.8805,1.4850,<LOD,41.7417,9.6272,90.5151 , 4.5585,3.1189,5.0003 , 2.4862,0.3851,21214.0781 , 97.6525,59.8468,<LOD,0.0000,0.0000,4.9591 , 1.7621,0.3159,49.5383 , 17.6348,0.6775,<LOD,0.9730,6.4235,7.5392 , 0.5364,4.0379,<LOD,6.1172,0.2912,9.8195 , 0.9670,0.4516,<LOD,1.0759,0.5407,67.6325 , 1.2544,4.0009,<LOD,0.0000,0.0000,<LOD,3.4965,4.4144,<LOD,0.7415,0.2351,9.5075 , 1.9070,3.6573,73.1035 , 0.7275,5.9308,<LOD,0.0000,0.0000,6.1689 , 0.7281,0.4798,6753.8110 , 39.1763,26.8080,1.4571 , 0.8145,0.5527,197.9920 , 11.4167,4.7116,<LOD,5.8239,0.2053,8.8711 , 0.6385,2.9465,<LOD,2.5248,0.3351,184.8682 , 1.2549,19.8166,72440.6016 , 1199.4094,1.6120,282.8068 , 16.9511,18.0251,12903.8848 , 118.1954,18.6501,<LOD,37.6936,0.7996,8461.6543 , 90.2568,6.2578,8047.8691 , 2333.0083,0.0533,798.3300 , 109.5901,0.2622,12607.7393 , 89.2515,5.1828,260844.7656 , 598.8444,27.3764,4,434.299988,39.001694,-122.662788,10.000000,529199.375000,4317018.500000,
67,Mining,120.48,30.03,30.20,30.14,30.11,"Fri Apr 3, 2026 - 10:29:24",User,1.5,ppm,,,,,,Mining,<LOD,1.1506,0.8202,1.4707 , 1.0077,0.5377,<LOD,2.3853,0.1103,551853.5000 , 3193.0520,<LOD,1.1835,0.1864,<LOD,1.7979,1.6107,<LOD,34.5009,7.2327,65.8063 , 4.1452,3.0689,<LOD,3.7962,0.3761,14869.0566 , 82.1016,45.0794,<LOD,0.0000,0.0000,2.9560 , 1.6294,0.3138,<LOD,22.8124,0.5452,<LOD,0.9230,7.0326,8.3753 , 0.5078,4.4201,<LOD,5.4552,0.2922,11.4380 , 0.9497,0.5147,<LOD,1.0725,0.6394,66.4509 , 1.1999,4.3430,<LOD,0.0000,0.0000,<LOD,4.1948,4.8898,<LOD,0.6613,0.2206,9.2599 , 1.8135,3.9208,37.7670 , 0.5283,3.7232,<LOD,0.0000,0.0000,6.3124 , 0.7220,0.5528,7960.1162 , 40.2632,33.7247,<LOD,1.7798,0.5477,204.3989 , 11.2663,5.6926,<LOD,5.5753,0.2207,7.5302 , 0.6008,3.0814,<LOD,2.2429,0.3089,181.7652 , 1.1966,21.1262,78640.7734 , 1160.0557,1.7551,238.5849 , 15.9526,18.7501,5788.7983 , 78.0564,9.1964,<LOD,35.9533,0.8049,9322.9463 , 88.2964,7.1603,12716.7080 , 2322.3445,0.0633,856.3510 , 108.7799,0.2891,13178.3447 , 89.1767,5.6733,303971.2812 , 622.7918,34.9292,7,431.299988,39.001427,-122.662498,10.000000,529224.312500,4316989.000000,
68,Mining,120.40,30.22,30.03,30.05,30.10,"Fri Apr 3, 2026 - 10:32:02",User,1.5,ppm,,,,,,Mining,<LOD,1.2019,0.8268,2.1545 , 1.0064,0.5233,<LOD,2.6459,0.1294,555433.1875 , 3394.8782,<LOD,1.2050,0.1834,<LOD,1.8521,1.5716,<LOD,35.2623,5.8319,67.2729 , 4.0254,2.9051,<LOD,5.2564,0.3808,12119.5391 , 75.2722,35.1234,<LOD,0.0000,0.0000,11.6681 , 1.8909,0.4151,31.1453 , 16.6266,0.6078,<LOD,0.9237,6.6725,8.2667 , 0.5132,4.2834,<LOD,5.3631,0.2783,9.3893 , 0.9223,0.4595,<LOD,1.0712,0.5848,65.5058 , 1.2053,4.1442,<LOD,0.0000,0.0000,<LOD,3.4670,4.7828,<LOD,0.6916,0.2237,7.0689 , 1.8752,3.8595,38.8941 , 0.5407,3.7004,<LOD,0.0000,0.0000,6.2528 , 0.7287,0.5312,7756.8550 , 38.7985,31.1482,<LOD,1.6523,0.5465,229.0778 , 10.9575,5.4212,<LOD,5.7471,0.2226,8.5516 , 0.6120,3.0474,<LOD,2.3700,0.3269,170.9560 , 1.1756,19.3876,76515.6250 , 1243.6609,1.7102,269.9141 , 16.6709,19.1147,9943.4785 , 96.4574,14.6905,<LOD,39.0656,0.8114,9589.7451 , 87.0063,7.0942,11799.1436 , 2490.8640,0.0623,926.9850 , 115.9255,0.2825,14317.5967 , 98.6084,5.9412,300671.7500 , 653.9404,33.2622,6,428.399994,39.001369,-122.662445,10.000000,529228.812500,4316982.500000,
69,Mining,120.28,30.01,30.05,30.09,30.13,"Fri Apr 3, 2026 - 10:35:22",User,1.5,ppm,,,,,,Mining,<LOD,1.5040,0.6509,<LOD,1.6371,0.3124,<LOD,3.1415,0.0983,414637.5938 , 6350.4111,<LOD,1.4139,0.1375,<LOD,2.2475,1.1440,<LOD,57.8955,12.8897,124.6254 , 6.4559,3.4513,12.3903 , 2.9711,0.3404,35984.1875 , 176.5097,82.0974,<LOD,0.0000,0.0000,7.9622 , 2.1367,0.2780,538.4301 , 29.0359,1.3178,<LOD,1.0688,4.4468,6.2288 , 0.6049,2.9623,<LOD,8.0234,0.2776,8.5749 , 1.0726,0.3352,<LOD,1.3231,0.4494,52.6931 , 1.3104,2.4595,<LOD,0.0000,0.0000,<LOD,4.2916,3.5808,<LOD,0.8656,0.1942,10.0587 , 2.3559,3.0463,264.2691 , 1.6394,14.7574,<LOD,0.0000,0.0000,3.8912 , 0.8103,0.3318,8611.2588 , 58.6108,28.2539,2.9590 , 1.0507,0.5527,228.9540 , 15.6171,4.8737,<LOD,7.4934,0.2095,24.4097 , 0.8188,2.9555,41.3604 , 2.7897,0.5715,132.5299 , 1.3753,13.1014,132629.0000 , 2543.2754,2.8548,429.8698 , 21.6035,16.2354,29886.0938 , 217.4703,36.3929,<LOD,48.3379,0.8169,12445.3379 , 129.7906,7.9000,33805.7031 , 4136.2480,0.0987,992.6397 , 139.6243,0.2736,8238.9531 , 87.4211,3.0323,320880.0625 , 813.3130,30.7915,4,428.399994,39.001358,-122.662628,10.000000,529213.062500,4316981.500000,
70,Mining,120.56,30.30,30.03,30.10,30.13,"Fri Apr 3, 2026 - 10:37:59",User,1.5,ppm,,,,,,Mining,<LOD,1.4776,0.5906,<LOD,1.5954,0.2585,<LOD,3.4136,0.1069,404531.7188 , 6714.9399,<LOD,1.4638,0.1354,<LOD,2.2481,1.0783,<LOD,58.2744,11.7580,133.5563 , 6.4008,3.2536,18.0496 , 3.1860,0.3597,33677.0898 , 173.4478,73.7183,<LOD,0.0000,0.0000,2.9672 , 2.0817,0.2346,528.0875 , 29.9737,1.2604,<LOD,1.0873,4.2202,6.0377 , 0.6209,2.8699,<LOD,8.2875,0.2847,7.7553 , 1.0890,0.3167,<LOD,1.3475,0.4409,46.3043 , 1.2836,2.1492,<LOD,0.0000,0.0000,<LOD,4.3202,3.4347,<LOD,0.9297,0.2053,19.4144 , 2.4052,3.0399,280.2773 , 1.7415,15.1485,<LOD,0.0000,0.0000,5.2401 , 0.8546,0.3460,6585.0405 , 50.9797,20.5931,3.3079 , 1.0814,0.5397,211.5008 , 14.1779,3.7595,<LOD,8.7257,0.2137,25.1656 , 0.8368,2.8492,52.0919 , 3.0558,0.6298,119.7810 , 1.3686,12.0416,134759.5156 , 2665.5444,2.8990,484.9301 , 21.9730,16.1397,39524.3984 , 252.1569,46.7738,<LOD,49.3925,0.8222,9784.7656 , 116.7287,6.1578,35206.8242 , 4261.9077,0.1015,829.9570 , 136.1644,0.2487,8228.5322 , 87.5925,2.9410,324927.6875 , 818.7421,30.4995,6,428.100006,39.001347,-122.662537,10.000000,529221.187500,4316980.000000,
71,Mining,120.52,30.28,30.04,30.09,30.11,"Fri Apr 3, 2026 - 10:53:52",User,1.5,ppm,,,,,,Mining,<LOD,1.5630,0.6182,<LOD,1.5932,0.2443,<LOD,3.3691,0.1021,403981.1250 , 6784.9814,<LOD,1.5247,0.1443,<LOD,2.3540,1.1077,<LOD,58.1869,11.4592,122.9362 , 6.1753,3.1344,16.7566 , 3.1724,0.3499,33299.4258 , 171.6149,72.0781,<LOD,0.0000,0.0000,6.2930 , 2.1760,0.2567,533.6447 , 30.1638,1.2492,<LOD,1.2707,4.2276,5.7517 , 0.6201,2.8082,<LOD,8.1710,0.2674,8.9657 , 1.1141,0.3259,<LOD,1.3849,0.4335,42.5076 , 1.2484,1.9823,<LOD,0.0000,0.0000,<LOD,4.4363,3.3448,<LOD,0.9216,0.1982,17.4229 , 2.4806,3.0061,276.4001 , 1.7309,14.8075,<LOD,0.0000,0.0000,3.2551 , 0.8469,0.3165,6359.6084 , 49.6143,19.8416,3.1874 , 1.0847,0.5321,192.5502 , 13.6305,3.5959,<LOD,7.8664,0.2081,23.6303 , 0.8222,2.7039,56.7872 , 3.1496,0.6564,116.5396 , 1.3568,11.6679,141379.7812 , 2743.7422,3.0332,492.6842 , 22.7467,16.1559,39787.6172 , 247.2148,46.4693,<LOD,50.0470,0.8186,8904.0156 , 109.1013,5.5727,31121.0938 , 4180.5366,0.0948,1001.9529 , 139.0437,0.2564,8945.5225 , 91.9960,3.1492,323300.5625 , 816.2510,29.9341,6,434.299988,39.001389,-122.662636,10.000000,529212.500000,4316985.000000,
72,Mining,120.57,30.23,30.13,30.07,30.14,"Fri Apr 3, 2026 - 10:56:47",User,1.5,ppm,,,,,,Mining,<LOD,1.4558,0.6456,<LOD,1.5117,0.2872,<LOD,3.2439,0.1183,404339.6250 , 5896.0400,<LOD,1.3913,0.1497,<LOD,2.2574,1.2305,<LOD,54.1458,11.8556,124.7619 , 5.8632,3.3962,12.7374 , 2.8661,0.3546,31171.4219 , 158.1378,73.9075,<LOD,0.0000,0.0000,14.7351 , 2.2192,0.3478,397.6194 , 26.1101,1.1397,<LOD,1.0168,4.5236,5.3913 , 0.5707,2.9693,<LOD,7.5200,0.2838,7.8784 , 1.0218,0.3418,<LOD,1.3248,0.4798,42.8329 , 1.1805,2.2084,<LOD,0.0000,0.0000,<LOD,4.3347,3.9237,<LOD,0.8643,0.2159,15.6364 , 2.3905,3.3752,267.4933 , 1.6063,15.8950,<LOD,0.0000,0.0000,4.7077 , 0.7994,0.3658,6621.6392 , 48.4006,22.5414,3.5284 , 1.0314,0.5995,186.5069 , 13.0900,3.9981,<LOD,7.0163,0.2055,16.1698 , 0.7110,2.5114,45.6652 , 2.7676,0.6303,120.9648 , 1.2914,13.1407,154426.3125 , 2433.1052,3.3044,431.6975 , 21.6995,17.5204,30842.8574 , 209.9922,38.6137,<LOD,46.4214,0.8467,8730.3721 , 103.9838,5.8029,27402.7109 , 3645.4958,0.0901,888.2604 , 131.4939,0.2716,11059.5762 , 96.0360,4.0770,322818.8750 , 794.0778,31.9341,,,,,,,,
73,Mining,120.64,30.15,30.00,30.29,30.20,"Fri Apr 3, 2026 - 10:59:39",User,1.5,ppm,,,,,,Mining,<LOD,1.4055,0.6322,<LOD,1.4598,0.2663,<LOD,3.0695,0.1069,406354.3750 , 6018.4238,<LOD,1.3393,0.1402,<LOD,2.1191,1.1366,<LOD,53.3266,11.9240,126.1975 , 5.8415,3.3476,9.5925 , 2.7645,0.3339,31392.2734 , 165.9088,74.7398,<LOD,0.0000,0.0000,7.7586 , 1.9870,0.2762,443.9045 , 26.6959,1.2077,<LOD,0.9974,4.4097,5.1451 , 0.5640,2.9395,<LOD,7.4014,0.2744,7.5980 , 0.9996,0.3307,<LOD,1.2392,0.4383,41.5522 , 1.1567,2.1414,<LOD,0.0000,0.0000,<LOD,4.0292,3.5412,<LOD,0.8313,0.2034,16.2115 , 2.2289,3.0644,269.4312 , 1.6344,16.0340,<LOD,0.0000,0.0000,2.9087 , 0.7519,0.3185,6595.7544 , 48.8252,22.4119,2.6990 , 0.9987,0.5693,179.1506 , 13.0194,3.9212,<LOD,6.6974,0.1892,16.5173 , 0.7079,2.5149,42.8463 , 2.6936,0.6041,110.8697 , 1.2544,12.4396,147628.2656 , 2490.1384,3.1696,392.7969 , 20.1364,15.7610,39277.8438 , 243.4357,50.2289,<LOD,48.2566,0.8848,8658.6357 , 103.7683,5.9217,32757.6895 , 3969.0408,0.1007,945.7742 , 136.2161,0.2818,10906.0693 , 98.7661,4.1449,313808.1250 , 820.5417,31.6765,,,,,,,,
74,Mining,120.49,30.23,30.07,30.11,28.88,"Fri Apr 3, 2026 - 11:02:25",User,1.5,ppm,,,,,,Mining,<LOD,1.3311,0.6197,<LOD,1.4143,0.2525,<LOD,2.8718,0.0965,425266.5938 , 5920.4917,<LOD,1.2685,0.1302,<LOD,2.0408,1.1558,<LOD,52.4955,11.8865,112.3315 , 5.6574,3.2497,7.5881 , 2.7269,0.3357,30628.6758 , 162.1826,74.8182,<LOD,0.0000,0.0000,9.9586 , 2.0577,0.3080,444.1552 , 26.6056,1.2332,<LOD,1.0011,4.6329,5.3454 , 0.5645,3.0635,<LOD,7.5629,0.3104,6.9671 , 0.9855,0.3331,<LOD,1.1998,0.4508,41.7158 , 1.1519,2.2068,<LOD,0.0000,0.0000,<LOD,3.8882,3.6260,<LOD,0.8048,0.1993,17.5595 , 2.1521,3.1432,251.5906 , 1.5608,15.4610,<LOD,0.0000,0.0000,4.6171 , 0.7509,0.3476,6220.8022 , 47.0373,21.6861,2.7025 , 0.9893,0.5784,171.5018 , 12.6313,3.8216,<LOD,6.8976,0.2078,16.3632 , 0.7043,2.5832,41.6992 , 2.6672,0.6127,110.6800 , 1.2394,12.6274,143422.8281 , 2491.2854,3.0845,418.7050 , 19.5325,16.4258,34327.5820 , 226.5332,44.5237,<LOD,49.3759,0.8515,8573.0361 , 103.3831,5.9278,28123.4375 , 3995.7126,0.0946,768.2493 , 139.6058,0.2676,16403.2812 , 126.1428,6.1757,304602.0000 , 837.5494,30.9856,4,426.100006,39.001289,-122.662392,10.000000,529233.625000,4316974.000000,
75,Mining,120.44,30.22,30.11,30.03,28.28,"Fri Apr 3, 2026 - 11:05:30",User,1.5,ppm,,,,,,Mining,<LOD,1.4037,0.6457,1.2282 , 1.0670,0.3752,<LOD,3.0238,0.1078,499590.3125 , 4869.2222,<LOD,1.2975,0.1363,<LOD,2.0839,1.1198,<LOD,56.1582,14.5029,125.5712 , 6.5064,3.7022,13.9668 , 2.8578,0.3707,37396.7070 , 152.7715,92.3206,<LOD,0.0000,0.0000,9.4136 , 2.0420,0.3038,383.0025 , 25.2326,1.1867,<LOD,0.9874,4.6446,5.0396 , 0.5580,3.0985,<LOD,7.4692,0.2635,7.0252 , 0.9925,0.3377,<LOD,1.2005,0.4192,49.0049 , 1.1915,2.4402,<LOD,0.0000,0.0000,<LOD,3.9717,3.4939,<LOD,0.7988,0.1914,17.2813 , 2.2139,3.0946,213.2290 , 1.3394,12.9204,<LOD,0.0000,0.0000,5.8023 , 0.7776,0.3762,8137.5015 , 54.9602,28.8667,<LOD,1.5934,0.5097,221.4868 , 15.5146,5.0212,<LOD,6.7790,0.2014,20.0050 , 0.7418,2.8723,41.9424 , 2.6608,0.6123,125.6911 , 1.2389,13.1019,102726.4531 , 1964.1206,2.2413,389.8733 , 19.8938,15.7922,21014.3867 , 183.0907,27.3750,<LOD,46.0081,0.8119,11131.7256 , 125.5886,7.4754,17155.9766 , 3471.5098,0.0729,1040.7719 , 145.0149,0.3211,15866.6543 , 115.6416,5.9072,284309.9375 , 728.0631,27.9812,5,424.799988,39.001358,-122.662392,10.000000,529233.437500,4316981.500000,
76,Mining,120.55,30.22,30.07,30.17,30.09,"Fri Apr 3, 2026 - 11:08:59",User,1.5,ppm,,,,,,Mining,<LOD,1.4162,0.6570,1.3379 , 1.1289,0.4163,<LOD,3.0638,0.1115,494208.6875 , 4803.9956,<LOD,1.3107,0.1404,<LOD,2.1494,1.1994,<LOD,59.7795,17.5390,122.4584 , 6.2996,3.7702,11.4517 , 2.8115,0.3632,43350.2305 , 169.1038,111.4319,<LOD,0.0000,0.0000,10.4209 , 2.0851,0.3215,395.8535 , 25.2220,1.2694,<LOD,1.0291,4.9709,6.6672 , 0.5817,3.2972,<LOD,7.8887,0.2832,10.2647 , 1.0709,0.3974,<LOD,1.2030,0.4205,61.4977 , 1.3171,3.0407,<LOD,0.0000,0.0000,<LOD,4.0527,3.6440,<LOD,0.8112,0.1995,9.7940 , 2.2199,3.0730,146.7598 , 1.1081,9.1710,<LOD,0.0000,0.0000,7.4984 , 0.8148,0.4284,8294.9395 , 54.2404,30.6135,3.2014 , 0.9535,0.5383,241.2916 , 15.3578,5.3821,<LOD,6.8534,0.2081,18.3020 , 0.7520,2.9398,27.7367 , 2.4244,0.5141,157.2277 , 1.3263,14.8653,93191.4141 , 1801.9781,2.0498,365.6352 , 20.1351,15.9432,17121.0762 , 163.4713,23.1374,<LOD,44.4969,0.8762,11124.6924 , 123.2821,7.7147,25505.2324 , 3585.9116,0.0880,1028.2064 , 133.3687,0.3129,18899.3809 , 120.1682,7.2314,285678.7188 , 705.7089,29.1662,4,431.000000,39.001411,-122.662453,10.000000,529228.062500,4316987.500000,
77,Mining,120.14,30.18,30.04,30.15,29.77,"Fri Apr 3, 2026 - 11:11:38",User,1.5,ppm,,,,,,Mining,<LOD,1.3492,0.6437,4.1188 , 1.2331,0.5100,<LOD,3.0031,0.1046,491563.8438 , 4563.8164,<LOD,1.2675,0.1282,<LOD,2.0980,1.2407,<LOD,58.3784,15.7197,132.5510 , 6.4037,3.9303,12.9161 , 2.8938,0.3750,38817.0820 , 153.8165,99.3577,<LOD,0.0000,0.0000,8.4467 , 2.0227,0.2951,375.5174 , 25.5443,1.2175,<LOD,1.0245,4.9557,6.9788 , 0.5849,3.3797,<LOD,7.8741,0.2925,11.6675 , 1.1125,0.4205,<LOD,1.2030,0.4576,60.1841 , 1.3148,3.0018,<LOD,0.0000,0.0000,<LOD,3.9419,3.7439,<LOD,0.8269,0.2070,16.4155 , 2.1853,3.2632,135.7080 , 1.0765,8.6683,<LOD,0.0000,0.0000,8.0196 , 0.8130,0.4287,9235.3184 , 55.9046,33.7376,<LOD,2.1889,0.4971,274.2331 , 15.9628,5.9203,<LOD,6.6614,0.1912,21.5044 , 0.7870,3.1818,43.1143 , 2.7235,0.6337,156.9586 , 1.3318,14.9889,90431.2109 , 1709.3265,1.9956,367.8445 , 19.5651,16.3780,10994.0254 , 133.2912,14.9062,<LOD,45.8303,0.9246,11694.8125 , 125.6079,7.9312,19255.3926 , 3315.5864,0.0772,1272.0676 , 142.0472,0.3562,18623.9922 , 118.3756,7.0038,306476.0625 , 704.2167,31.2617,6,442.299988,39.001400,-122.662476,10.000000,529226.062500,4316986.000000,
78,Mining,122.88,32.54,30.05,30.17,30.12,"Fri Apr 3, 2026 - 11:22:57",User,1.5,ppm,,,,,,Mining,<LOD,1.9954,0.5474,<LOD,1.9672,0.2162,<LOD,4.2981,0.0957,738771.7500 , 4074.2009,<LOD,1.9403,0.1345,<LOD,2.9385,0.9132,<LOD,65.6514,8.5100,92.8014 , 5.6534,2.0126,19.8000 , 3.9751,0.3153,33703.4336 , 130.7854,54.1020,<LOD,0.0000,0.0000,6.3025 , 2.8329,0.2392,485.1537 , 34.3862,0.9482,<LOD,1.3196,3.4725,4.5451 , 0.7363,2.2571,<LOD,10.2282,0.2650,10.3856 , 1.3655,0.2820,<LOD,1.7976,0.3982,44.5699 , 1.4519,1.5616,<LOD,0.0000,0.0000,<LOD,5.9429,3.2914,<LOD,1.1715,0.1811,<LOD,4.8449,2.6896,317.9851 , 1.8769,12.5540,<LOD,0.0000,0.0000,3.0037 , 1.0463,0.2693,5124.2017 , 40.1094,11.7363,3.1837 , 1.3113,0.4467,163.3573 , 12.1933,2.1827,24.6699 , 7.1059,0.2221,25.8704 , 0.9756,2.2211,45.9931 , 3.5718,0.4853,133.4764 , 1.5769,9.8621,29039.5137 , 1258.2228,0.6701,471.5377 , 29.6369,14.4825,29543.5000 , 191.3720,24.9316,<LOD,46.7752,0.5948,5219.2935 , 87.2171,2.5580,4472.6245 , 2940.0527,0.0339,454.2465 , 107.2162,0.1178,3271.4514 , 56.9950,0.9894,148547.3750 , 568.7283,8.3134,6,411.899994,39.001255,-122.662621,10.000000,529213.562500,4316970.000000,
79,Mining,120.42,30.14,30.09,30.07,29.52,"Fri Apr 3, 2026 - 11:25:56",User,1.5,ppm,,,,,,Mining,<LOD,1.3329,0.6392,<LOD,1.4220,0.2598,<LOD,2.9681,0.1057,691161.3750 , 3351.0979,<LOD,1.2576,0.1304,<LOD,2.0725,1.2337,<LOD,53.7071,13.0066,79.7768 , 4.5481,2.6121,<LOD,5.1709,0.3357,32534.5664 , 121.9470,83.0125,<LOD,0.0000,0.0000,<LOD,2.9733,0.2620,508.8944 , 27.7576,1.4143,<LOD,0.9787,4.5997,<LOD,0.8287,3.0647,<LOD,7.4069,0.2810,6.3898 , 0.9912,0.3440,<LOD,1.2193,0.4798,35.7408 , 1.0850,2.0130,<LOD,0.0000,0.0000,<LOD,3.8989,3.7573,<LOD,0.8166,0.2026,<LOD,3.6201,2.9581,258.4388 , 1.4404,16.4091,<LOD,0.0000,0.0000,3.2464 , 0.7289,0.3278,4580.3604 , 34.1015,16.6142,<LOD,2.2648,0.5781,130.9260 , 10.0716,2.9785,12.0024 , 5.2455,0.2791,26.7444 , 0.7890,3.3915,44.1066 , 2.7650,0.6708,95.2182 , 1.1553,12.0927,57734.9102 , 1203.7015,1.2777,163.2633 , 18.4451,13.7333,28275.4746 , 172.4735,37.6389,<LOD,35.4896,0.6632,5147.8618 , 75.4264,3.7692,12141.9082 , 2544.8474,0.0521,408.1622 , 88.2388,0.1547,3205.7268 , 48.7563,1.4160,163444.9062 , 524.3342,14.5838,5,422.000000,39.001114,-122.662506,10.000000,529223.687500,4316954.500000,
